system,game_name,ch_name,id
3do,20th Century Video Almanac (USA),20世纪年鉴（美版）,3DO#1
3do,3D Atlas (Europe),3D 阿特拉斯（欧版）,3DO#2
3do,3D Atlas (USA),3D 阿特拉斯（美版）,3DO#3
3do,3DO de Shiru Miru Asobu - Nakajima Miyuki (Japan),,3DO#4
3do,"3DO Game Guru (USA, Europe)",3DO游戏大师（美版 欧版）,3DO#5
3do,"3DO Interactive Sampler CD 2, The (USA)",3DO游戏演示集锦CD2（美版）,3DO#6
3do,"3DO Interactive Sampler CD 3, The (USA)",3DO游戏演示集锦CD3（美版）,3DO#7
3do,"3DO Interactive Sampler CD 4, The (USA)",3DO游戏演示集锦CD4（美版）,3DO#8
3do,"3DO Interactive Sampler CD, The (USA)",3DO游戏演示集锦CD（美版）,3DO#9
3do,"3DO Interactive Sampler, The (Europe)",3DO游戏演示集锦（欧版）,3DO#10
3do,"3DO Multi Game Sampler Number 3, The (Europe)",3DO游戏演示集锦3（欧版）,3DO#11
3do,AI Shougi (Japan),AI将棋（日版）,3DO#12
3do,"Alone in the Dark (Europe) (En,Fr)","鬼屋魔影（欧版） (En,Fr)",3DO#13
3do,"Alone in the Dark (Europe) (En,Fr) (NTSC Version)","鬼屋魔影（欧版） (En,Fr) （NTSC制式版本）",3DO#14
3do,Alone in the Dark (Japan),鬼屋魔影（日版）,3DO#15
3do,Alone in the Dark (USA),鬼屋魔影（美版）,3DO#16
3do,Alone in the Dark (USA) (Demo),鬼屋魔影（美版） （演示版）,3DO#17
3do,Alone in the Dark 2 (France),鬼屋魔影2（法国版）,3DO#18
3do,Alone in the Dark 2 (Japan),鬼屋魔影2（日版）,3DO#19
3do,Alone in the Dark 2 (USA),鬼屋魔影2（美版）,3DO#20
3do,Anno Mitsumasa Pepperon-mura no Shiki (Japan),安野光雅 佩隆村的四季（日版）,3DO#21
3do,Aqua World - Umi Monogatari (Japan),海美物語（日版）,3DO#22
3do,Armageddon (Korea),,3DO#23
3do,AutoBahn Tokio (Japan),东京时速（日版）,3DO#24
3do,AutoBahn Tokio (Japan) (Demo),东京时速（日版） （演示版）,3DO#25
3do,Bakushou!! All Yoshimoto Quiz-ou Kettei-sen (Japan),爆笑!吉本 答题王决定战（日版）,3DO#26
3do,"Ballz - The Director's Cut (World) (En,Ja)","BallZ导演剪辑版（世界版） (En,Ja)",3DO#27
3do,Battle Blues (Korea),,3DO#28
3do,Battle Chess (Europe),国际象棋（欧版）,3DO#29
3do,Battle Chess (Japan),国际象棋（日版）,3DO#30
3do,Battle Chess (USA),国际象棋（美版）,3DO#31
3do,Battle Pinball (Japan),战斗弹珠台（日版）,3DO#32
3do,BattleSport (Europe),战斗运动（欧版）,3DO#33
3do,BattleSport (USA),战斗运动（美版）,3DO#34
3do,"BC Racers (USA, Europe)",石器时代赛车（美版 欧版）,3DO#35
3do,Belzerion (Japan),凡尔赛里昂（日版）,3DO#36
3do,BFS - Blue Forest Story (Japan),蓝森林物语 风之封印（日版）,3DO#37
3do,BFS - Blue Forest Story (Japan) (Alt),蓝森林物语 风之封印（日版） (Alt),3DO#38
3do,Blade Force (Europe),刃之力量（欧版）,3DO#39
3do,Blade Force (Japan),刃之力量（日版）,3DO#40
3do,Blade Force (Korea),刃之力量（韩国版）,3DO#41
3do,Blade Force (USA),刃之力量（美版）,3DO#42
3do,Blonde Justice (USA),金发大法官（美版）,3DO#43
3do,Blood Angels (Japan),血腥天使（日版）,3DO#44
3do,Bodyconscious Digital Rave! Part 1 - Shinjuku & Takasaki (Japan),,3DO#45
3do,Bonogurashi (Japan),我的生活（日版）,3DO#46
3do,BrainDead 13 (USA) (Disc 1),吃脑外星人（美版） （光碟 1）,3DO#47
3do,BrainDead 13 (USA) (Disc 1) (RE-1),吃脑外星人（美版） （光碟 1） (RE-1),3DO#48
3do,BrainDead 13 (USA) (Disc 2),吃脑外星人（美版） （光碟 2）,3DO#49
3do,Burning Soldier (Canada),燃烧的士兵（加拿大版）,3DO#50
3do,Burning Soldier (Europe),燃烧的士兵（欧版）,3DO#51
3do,Burning Soldier (Japan),燃烧的士兵（日版）,3DO#52
3do,"Burning Soldier (USA, Korea)",燃烧的士兵（美版，韩版）,3DO#53
3do,Bust-A-Move (USA),,3DO#54
3do,Cannon Fodder (Europe),小兵立大功（欧版）,3DO#55
3do,Cannon Fodder (USA),小兵立大功（美版）,3DO#56
3do,Captain Quazar & BattleSport (Europe) (Demo),Q上尉 + 战斗运动（欧版） （演示版）,3DO#57
3do,Captain Quazar (Europe),Q上尉（欧版）,3DO#58
3do,Captain Quazar (Japan),Q上尉（日版）,3DO#59
3do,Captain Quazar (Korea),Q上尉（韩国版）,3DO#60
3do,Captain Quazar (USA),Q上尉（美版）,3DO#61
3do,Carrier - Fortress at Sea (USA),海上堡垒（美版）,3DO#62
3do,Casper (USA),鬼马小精灵（美版）,3DO#63
3do,Chiki Chiki Machine Mou Race - Kenken to Black Maou no Ijiwaru Daisakusen (Japan),顽皮狗 黑魔王的疯狂大作战（日版）,3DO#64
3do,Chiki Chiki Machine Mou Race 2 - In Space (Japan),顽皮狗2（日版）,3DO#65
3do,Chiki Chiki Machine Mou Race 2 - In Space (Japan) (Demo),顽皮狗2（日版） （演示版）,3DO#66
3do,Club 3DO - Station Invasion (USA),3DO俱乐部（美版）,3DO#67
3do,Corpse Killer (Japan),杀人僵尸（日版）,3DO#68
3do,Corpse Killer (USA),杀人僵尸（美版）,3DO#69
3do,"Coven, The (USA)",女巫的聚会（美版）,3DO#70
3do,Cowboy Casino (USA),牛仔赌场（美版）,3DO#71
3do,Crash 'n Burn (Japan),日食战机（日版）,3DO#72
3do,Crash 'n Burn (USA) (Not for Resale),日食战机（美版） (Not for Resale),3DO#73
3do,"Crash 'n Burn (USA, Korea)",日食战机（美版，韩版）,3DO#74
3do,Crayon Shin-chan - Puzzle Daimaou no Nazo (Japan),蜡笔小新 谜题大魔王之谜（日版）,3DO#75
3do,Creature Shock (USA) (Disc 1),生物冲击（美版） （光碟 1）,3DO#76
3do,Creature Shock (USA) (Disc 2),生物冲击（美版） （光碟 2）,3DO#77
3do,Crime Patrol (USA),罪恶刑警（美版）,3DO#78
3do,Crime Patrol (USA) (3DO Developer Services),罪恶刑警（美版） (3DO Developer Services),3DO#79
3do,"Crystal Dynamics Best Selection ~ Sample This! (USA, Japan)","水晶动力 精选集(USA, Japan)",3DO#80
3do,CyberDillo (USA),生化犰狳（美版）,3DO#81
3do,Cyberia (Europe),网络世界（欧版）,3DO#82
3do,Cyberia (Japan),网络世界（日版）,3DO#83
3do,Cyberia (USA),网络世界（美版）,3DO#84
3do,D (Germany) (Disc 1),D之食卓（德国版） （光碟 1）,3DO#85
3do,D (Germany) (Disc 2),D之食卓（德国版） （光碟 2）,3DO#86
3do,"D (USA, Europe) (Disc 1)",D之食卓（美版 欧版） （光碟 1）,3DO#87
3do,"D (USA, Europe) (Disc 2)",D之食卓（美版 欧版） （光碟 2）,3DO#88
3do,D no Shokutaku (Japan) (Disc 1),D之食卓（日版） （光碟 1）,3DO#89
3do,D no Shokutaku (Japan) (Disc 2),D之食卓（日版） （光碟 2）,3DO#90
3do,D's Diner - The Director's Cut (Japan) (Disc A),D之食卓 导演剪辑版（日版） （光碟 A）,3DO#91
3do,D's Diner - The Director's Cut (Japan) (Disc B),D之食卓 导演剪辑版（日版） （光碟 B）,3DO#92
3do,D's Diner - The Director's Cut (Japan) (Disc C),D之食卓 导演剪辑版（日版） （光碟 C）,3DO#93
3do,"Daedalus Encounter, The (Japan) (Demo)",宇宙冒险家（日版） （演示版）,3DO#94
3do,"Daedalus Encounter, The (Korea) (Disc 1)",宇宙冒险家（韩国版） （光碟 1）,3DO#95
3do,"Daedalus Encounter, The (Korea) (Disc 2)",宇宙冒险家（韩国版） （光碟 2）,3DO#96
3do,"Daedalus Encounter, The (Korea) (Disc 3)",宇宙冒险家（韩国版） （光碟 3）,3DO#97
3do,"Daedalus Encounter, The (Korea) (Disc 4)",宇宙冒险家（韩国版） （光碟 4）,3DO#98
3do,"Daedalus Encounter, The (USA) (Disc 1)",宇宙冒险家（美版） （光碟 1）,3DO#99
3do,"Daedalus Encounter, The (USA) (Disc 2)",宇宙冒险家（美版） （光碟 2）,3DO#100
3do,"Daedalus Encounter, The (USA) (Disc 3)",宇宙冒险家（美版） （光碟 3）,3DO#101
3do,"Daedalus Encounter, The (USA) (Disc 4)",宇宙冒险家（美版） （光碟 4）,3DO#102
3do,"Daedalus Encounter, The - Episode 1 - Nanpasen no Alien (Japan) (Disc 1)",宇宙冒险家 第一章 遇难船的外星人（日版） （光碟 1）,3DO#103
3do,"Daedalus Encounter, The - Episode 1 - Nanpasen no Alien (Japan) (Disc 2)",宇宙冒险家 第一章 遇难船的外星人（日版） （光碟 2）,3DO#104
3do,"Daedalus Encounter, The - Episode 1 - Nanpasen no Alien (Japan) (Disc 3)",宇宙冒险家 第一章 遇难船的外星人（日版） （光碟 3）,3DO#105
3do,"Daedalus Encounter, The - Episode 1 - Nanpasen no Alien (Japan) (Disc 4)",宇宙冒险家 第一章 遇难船的外星人（日版） （光碟 4）,3DO#106
3do,DeathKeep (USA),死亡守护者（美版）,3DO#107
3do,Decathlon (USA) (Unl),十项全能（美版） （非官方版）,3DO#108
3do,Defcon 5 (Europe),5级戒备状态（欧版）,3DO#109
3do,Defcon 5 (Germany),5级戒备状态（德国版）,3DO#110
3do,Defcon 5 (Japan),5级戒备状态（日版）,3DO#111
3do,Defcon 5 (Korea),5级戒备状态（韩国版）,3DO#112
3do,Demolition Man (Japan),越空狂龙（日版）,3DO#113
3do,Demolition Man (USA),越空狂龙（美版）,3DO#114
3do,Dennis Miller - That's News to Me (USA),,3DO#115
3do,Dennou Hyouryuu - Multimedia Cruising (Japan),電脳漂流（日版）,3DO#116
3do,Digital Dreamware (USA),数字织梦者（美版）,3DO#117
3do,DinoPark Tycoon (USA),迪诺公园大亨（美版）,3DO#118
3do,Diving Spot Guide - Marine Tour (Japan),潜水点导游-海上旅游（日版）,3DO#119
3do,Doctor Hauzer (Japan),浩泽博士（日版）,3DO#120
3do,Doom (USA),毁灭战士（美版）,3DO#121
3do,"Dragon Lore - The Legend Begins (USA, Europe) (Disc 1)",巨龙传说（美版 欧版） （光碟 1）,3DO#122
3do,"Dragon Lore - The Legend Begins (USA, Europe) (Disc 2)",巨龙传说（美版 欧版） （光碟 2）,3DO#123
3do,"Dragon Lore - The Legend Begins (USA, Europe) (Disc 3)",巨龙传说（美版 欧版） （光碟 3）,3DO#124
3do,Dragon Tycoon Edge (Japan),龙王边缘（日版）,3DO#125
3do,"Dragon's Lair (Europe) (En,Fr,De,It)","龙穴历险记（欧版） (En,Fr,De,It)",3DO#126
3do,Dragon's Lair (Japan),龙穴历险记（日版）,3DO#127
3do,Dragon's Lair (USA) (RE1),龙穴历险记（美版） (RE1),3DO#128
3do,"Dragon's Lair (USA, Korea)",龙穴历险记（美版，韩版）,3DO#129
3do,Drug Wars (USA),毒品战争（美版）,3DO#130
3do,Emit Vol. 1 - Toki no Maigo (Japan),Emit卷1 - 时の迷子（日版）,3DO#131
3do,Emit Vol. 2 - Inochigake no Tabi (Japan),Emit卷2 - 命がけの旅（日版）,3DO#132
3do,Emit Vol. 3 - Watashi ni Sayonara o (Japan),Emit卷3 - 对我说再见（日版）,3DO#133
3do,Endlessly (USA),无穷禁地（美版）,3DO#134
3do,Escape from Monster Manor (Europe),逃离怪兽领地（欧版）,3DO#135
3do,"Escape from Monster Manor (Korea) (En,Ko)","逃离怪兽领地（韩国版） (En,Ko)",3DO#136
3do,Escape from Monster Manor (USA),逃离怪兽领地（美版）,3DO#137
3do,ESPN Baseball - Hitting (USA),ESPN棒球（美版）,3DO#138
3do,ESPN Fitness Pros - Step Aerobics (USA),,3DO#139
3do,ESPN Golf - Lower Your Score with Tom Kite - Shot Making (USA) (Disc 1),ESPN 高尔夫（美版） （光碟 1）,3DO#140
3do,ESPN Golf - Lower Your Score with Tom Kite - Shot Making (USA) (Disc 2),ESPN 高尔夫（美版） （光碟 2）,3DO#141
3do,ESPN Golf - Lower Your Score with Tom Kite - Shot Making (USA) (Disc 3),ESPN 高尔夫（美版） （光碟 3）,3DO#142
3do,ESPN Golf - Lower Your Score with Tom Kite - Shot Making (USA) (Disc 4),ESPN 高尔夫（美版） （光碟 4）,3DO#143
3do,ESPN Golf - Tom Kite no Kore ga Golf da! (Japan) (Disc 1) (Shot Yousei Kouza Vol. 1),ESPN 高尔夫（日版） （光碟 1） (Shot Yousei Kouza Vol. 1),3DO#144
3do,ESPN Golf - Tom Kite no Kore ga Golf da! (Japan) (Disc 2) (Shot Yousei Kouza Vol. 2),ESPN 高尔夫（日版） （光碟 2） (Shot Yousei Kouza Vol. 2),3DO#145
3do,ESPN Golf - Tom Kite no Kore ga Golf da! (Japan) (Disc 3) (Pro ni Kike!),ESPN 高尔夫（日版） （光碟 3） (Pro ni Kike!),3DO#146
3do,"ESPN Let's Go Skiing with Picabo Street, A. J. Kitt & Holly Flanders (USA)",,3DO#147
3do,ESPN Let's Play Beach Volleyball with Karch Kiraly and Karolyn Kirby (USA),,3DO#148
3do,ESPN Let's Play Soccer with John Harkes and Mia Hamm (USA),,3DO#149
3do,ESPN Let's Play Tennis with Tracy Austin (USA),,3DO#150
3do,Eye of Typhoon (Korea),,3DO#151
3do,"Eye of Typhoon, The (Korea)",,3DO#152
3do,"Eye of Typhoon, The (Korea) (Disc 1)",,3DO#153
3do,F1GP (Japan),F1 GP赛车（日版）,3DO#154
3do,Family Feud (USA),家庭问答（美版）,3DO#155
3do,"Fatty Bear's Birthday Surprise (Japan) (En,Ja)","胖熊的生日惊喜（日版） (En,Ja)",3DO#156
3do,Fatty Bear's Birthday Surprise (USA),胖熊的生日惊喜（美版）,3DO#157
3do,Fatty Bear's Fun Pack (Korea),,3DO#158
3do,Fatty Bear's Funpack (Japan),胖熊的玩具（日版）,3DO#159
3do,Fatty Bear's Funpack (USA),胖熊的玩具（美版）,3DO#160
3do,FB Battery Navi Ver. II (Japan),,3DO#161
3do,FIFA International Soccer (Europe),FIFA世界杯（欧版）,3DO#162
3do,"FIFA International Soccer (USA, Korea)",FIFA世界杯（美版，韩版）,3DO#163
3do,Fire Ball!! (Japan),火球（日版）,3DO#164
3do,Fire Ball!! (Japan) (Rev 1),火球（日版） （修正版 1）,3DO#165
3do,Firewall (Korea),,3DO#166
3do,"Flashback (Europe) (En,Fr)","回到过去（欧版） (En,Fr)",3DO#167
3do,"Flashback (Japan) (En,Ja,Fr,De,It,Nl)","回到过去（日版） (En,Ja,Fr,De,It,Nl)",3DO#168
3do,"Flashback - The Quest for Identity (USA) (En,Fr)","回到过去:印地安之谜（美版） (En,Fr)",3DO#169
3do,Flopon World (Japan),怪物世界消方块（日版）,3DO#170
3do,Flopon World (Japan) (Demo),怪物世界消方块（日版） （演示版）,3DO#171
3do,Flying Nightmares (Europe),梦魇（欧版）,3DO#172
3do,Flying Nightmares (USA),梦魇（美版）,3DO#173
3do,Foes of Ali (Europe),阿里的敌人（欧版）,3DO#174
3do,Foes of Ali (USA),阿里的敌人（美版）,3DO#175
3do,Footie (USA) (Powerslide Bonus Disk) (Unl),足球运动（美版） (Powerslide Bonus Disk) （非官方版）,3DO#176
3do,Fun 'n Games (USA),,3DO#177
3do,"Fun 'n Games - Soft no Omochabako (Japan) (En,Ja)","趣味游戏 软玩具箱（日版） (En,Ja)",3DO#178
3do,Gakkou no Kowai Uwasa - Hanako-san ga Kita!! (Japan),学校里的恐怖传言 花子来了（日版）,3DO#179
3do,Game no Tatsujin (Japan),游戏达人（日版）,3DO#180
3do,Gateway to English - Eigo de Go! (Japan),,3DO#181
3do,"Gex (Japan, Korea)",蜥蜴（日版，韩版）,3DO#182
3do,"Gex (USA, Europe)",蜥蜴（美版 欧版）,3DO#183
3do,Ghost Hunter Series - Kuroki Shi no Kamen (Japan),幽灵猎人系列-黑死病面具（日版）,3DO#184
3do,Ghost Hunter Series - Kuroki Shi no Kamen (Japan) (Rev 1),幽灵猎人系列-黑死病面具（日版） （修正版 1）,3DO#185
3do,Goal FH (Field Hunter) (Japan),野战猎人(Field Hunter) （日版）,3DO#186
3do,Great! Soccer Kid (Japan),伟大的足球小子（日版）,3DO#187
3do,Gridders (Europe),橄榄球运动员（欧版）,3DO#188
3do,Gridders (Japan),橄榄球运动员（日版）,3DO#189
3do,"Gridders (USA, Korea)",橄榄球运动员（美版，韩版）,3DO#190
3do,Grimm Meisaku Gekijou Vol. 1 - Bremen no Ongakutai (Japan),格林名著剧场1（日版）,3DO#191
3do,Grimm Meisaku Gekijou Vol. 2 - Hansel to Gretel (Japan),格林名著剧场2（日版）,3DO#192
3do,Grimm Meisaku Gekijou Vol. 3 - Akazukin (Japan),格林名著剧场3（日版）,3DO#193
3do,Guardian War (Canada),守护战争（加拿大版）,3DO#194
3do,"Guardian War (USA, Korea)",守护战争（美版，韩版）,3DO#195
3do,Hatsubai 1 Shuunen - 3DO REAL - Tokubetsu Premium CD (Japan),発売１周年　３ＤＯ　ＲＥＡＬ　特別光碟（日版）,3DO#196
3do,Hell - A Cyberpunk Thriller (USA),地狱 一部赛博朋克惊悚片（美版）,3DO#197
3do,Hello Kitty - Asobi no Omochabako (Japan),,3DO#198
3do,"Hirata Shougo Interactive Ehon - Aesop Monogatari Vol. 1 (Japan) (En,Ja,Fr)","平田昭吾互动绘本 伊索寓言物语vol.1（日版） (En,Ja,Fr)",3DO#199
3do,"Hirata Shougo Interactive Ehon - Cinderella (Japan) (En,Ja,Fr)","平田昭吾互动绘本 灰姑娘（日版） (En,Ja,Fr)",3DO#200
3do,"Hirata Shougo Interactive Ehon - Ningyo-hime (Japan) (En,Ja,Fr)","平田昭吾互动绘本 人鱼公主（日版） (En,Ja,Fr)",3DO#201
3do,"Hirata Shougo Interactive Ehon - Ookami to Shichihiki no Koyagi (Japan) (En,Ja,Fr)","平田昭吾互动绘本 狼和七只山羊（日版） (En,Ja,Fr)",3DO#202
3do,"Hirata Shougo Interactive Ehon - Sanbiki no Kobuta (Japan) (En,Ja,Fr)","平田昭吾互动绘本 三只小猪（日版） (En,Ja,Fr)",3DO#203
3do,"Hirata Shougo Interactive Ehon - Shirayuki-hime (Japan) (En,Ja,Fr)",,3DO#204
3do,Hitchcock ni Chousen (Japan),挑战希奇厨师（日版）,3DO#205
3do,"Horde, The (Europe)",部落（欧版）,3DO#206
3do,"Horde, The (Japan)",部落（日版）,3DO#207
3do,"Horde, The (USA)",部落（美版）,3DO#208
3do,"Horde, The (USA) (RCB)",部落（美版） (RCB),3DO#209
3do,Icebreaker (USA),破冰者（美版）,3DO#210
3do,Icebreaker II (USA) (Bonus Disk) (Unl),破冰者2（美版） （附赠光碟） （非官方版）,3DO#211
3do,Ide Yousuke Meijin no Shin Jissen Mahjong (Japan),井出洋介名人的新実戦麻雀（日版）,3DO#212
3do,Idol Janshi Suchie-Pai Special (Japan),偶像雀士特别篇（日版）,3DO#213
3do,Idol Mahjong - Final Romance 2 - Hyper Edition (Japan),麻将罗曼史2（日版）,3DO#214
3do,Igo Time Trial - Shikatsu Daihyakka (Japan),围棋时间·试行 生死大百科（日版）,3DO#215
3do,Igo Time Trial - Tsumego I (Japan),围棋时间·试行 詰碁 1（日版）,3DO#216
3do,Immercenary (Europe),完美世界（欧版）,3DO#217
3do,Immercenary - Combat in a Digital World (USA),完美世界 数字世界中的战斗（美版）,3DO#218
3do,Immortal Desire (USA),不朽的欲望（美版）,3DO#219
3do,"Incredible Machine, The (Europe)",不可思议的机器（欧版）,3DO#220
3do,"Incredible Machine, The (USA)",不可思议的机器（美版）,3DO#221
3do,"Incredible Machine, The - Pararancho (Japan)",不可思议的机器（日版）,3DO#222
3do,Insector War (Japan),杀虫战记（日版）,3DO#223
3do,"Interplay 3DO Buffet, The (USA)",,3DO#224
3do,Iron Angel of the Apocalypse - Tetsujin (Europe),世界末日的铁天使 铁人（欧版）,3DO#225
3do,Iron Angel of the Apocalypse - Tetsujin (USA),世界末日的铁天使 铁人（美版）,3DO#226
3do,Iron Angel of the Apocalypse - The Return (USA),世界末日的铁天使 回归（美版）,3DO#227
3do,Ishida Yoshio Kudan no Igo Seiha (Japan),石田芳夫九段之围棋制霸（日版）,3DO#228
3do,J. B. Harold - Blue Chicago Blues (Japan) (Disc 1),JB哈罗德:蓝色的芝加哥布鲁斯（日版） （光碟 1）,3DO#229
3do,J. B. Harold - Blue Chicago Blues (Japan) (Disc 2),JB哈罗德:蓝色的芝加哥布鲁斯（日版） （光碟 2）,3DO#230
3do,J.League Virtual Stadium '95 (Japan),J联盟虚拟体育场 95（日版）,3DO#231
3do,J.League Virtual Stadium (Japan),J联盟虚拟体育场（日版）,3DO#232
3do,Jammit (USA),,3DO#233
3do,Jiei Shoubou Katsudou no Gakushuu - 3DO TES (3DO Training Educational System) (Japan),,3DO#234
3do,Jietai World (Japan),,3DO#235
3do,Jikki Pachi-Slot Simulator Vol. 1 (Japan),Jikki Pachi插槽模拟器 vol1（日版）,3DO#236
3do,John Madden Football (USA),约翰麦登橄榄球（美版）,3DO#237
3do,John Madden Football (USA) (Alt),约翰麦登橄榄球（美版） (Alt),3DO#238
3do,John Madden NFL Football (Europe),约翰麦登橄榄球（欧版）,3DO#239
3do,Johnny Bazookatone (Europe),约翰尼的火箭筒（欧版）,3DO#240
3do,Johnny Bazookatone (USA),约翰尼的火箭筒（美版）,3DO#241
3do,Jurassic Park Interactive (Japan),侏罗纪公园（日版）,3DO#242
3do,Jurassic Park Interactive (USA),侏罗纪公园（美版）,3DO#243
3do,Kakinoki Shougi (Japan),柿木将棋（日版）,3DO#244
3do,Keiba Saishou no Housoku (Japan),競馬最勝的法則（日版）,3DO#245
3do,Kero Kero Keroppi to Origami no Tabibito (Japan),青蛙大冒险（日版）,3DO#246
3do,Killing Time (Europe),杀戮时刻（欧版）,3DO#247
3do,Killing Time (USA) (RE1),杀戮时刻（美版） (RE1),3DO#248
3do,Killing Time (USA) (RE2),杀戮时刻（美版） (RE2),3DO#249
3do,"Kingdom - The Far Reaches (USA, Europe)",王国-遥远（美版 欧版）,3DO#250
3do,Konpeki no Kantai (Japan),绀碧之舰队（日版）,3DO#251
3do,Konpeki no Kantai (Japan) (Rev 1),绀碧之舰队（日版） （修正版 1）,3DO#252
3do,Kyuumei Kyuukyuu Teate no ABC (Japan),,3DO#253
3do,Kyuusei Senjutsu ni Yoru - Heisei Kaiun Koyomi (Japan),九星占卜术 开运历（日版）,3DO#254
3do,"Last Bounty Hunter, The (USA)",最后的赏金猎人（美版）,3DO#255
3do,Lemmings (Japan),旅鼠（日版）,3DO#256
3do,Lemmings (USA),旅鼠（美版）,3DO#257
3do,"Life Stage, The - Virtual House (Japan)",生命阶段 虚拟小屋（日版）,3DO#258
3do,"Life Stage, The - Virtual House (Japan) (Rev 1)",生命阶段 虚拟小屋（日版） （修正版 1）,3DO#259
3do,"Life Stage, The - Virtual House (USA, Korea)",生命阶段 虚拟小屋（美版，韩版）,3DO#260
3do,"Little House, The (Japan)",,3DO#261
3do,Live! 3DO Magazine CD-ROM 1 (Japan),3DO游戏杂志CD 1（日版）,3DO#262
3do,Live! 3DO Magazine CD-ROM 10 (Japan),3DO游戏杂志CD 10（日版）,3DO#263
3do,Live! 3DO Magazine CD-ROM 11 (Japan),3DO游戏杂志CD 11（日版）,3DO#264
3do,Live! 3DO Magazine CD-ROM 2 (Japan),3DO游戏杂志CD 2（日版）,3DO#265
3do,Live! 3DO Magazine CD-ROM 3 (Japan),3DO游戏杂志CD 3（日版）,3DO#266
3do,Live! 3DO Magazine CD-ROM 4 (Japan),3DO游戏杂志CD 4（日版）,3DO#267
3do,Live! 3DO Magazine CD-ROM 5 (Japan),3DO游戏杂志CD 5（日版）,3DO#268
3do,Live! 3DO Magazine CD-ROM 6 (Japan),3DO游戏杂志CD 6（日版）,3DO#269
3do,Live! 3DO Magazine CD-ROM 7 (Japan),3DO游戏杂志CD 7（日版）,3DO#270
3do,Live! 3DO Magazine CD-ROM 8 (Japan),3DO游戏杂志CD 8（日版）,3DO#271
3do,Live! 3DO Magazine CD-ROM 9 (Japan),3DO游戏杂志CD 9（日版）,3DO#272
3do,Lost Dungeon (Japan),失落的地下城（日版）,3DO#273
3do,"Lost Eden (USA, Korea)",失落的伊甸园（美版，韩版）,3DO#274
3do,"Lost Files of Sherlock Holmes, The (Europe)",福尔摩斯丢失的档案（欧版）,3DO#275
3do,"Lost Files of Sherlock Holmes, The (USA)",福尔摩斯丢失的档案（美版）,3DO#276
3do,Love Bites (USA),恋爱字节（美版）,3DO#277
3do,Lucienne's Quest (USA),吕西安娜的谜题（美版）,3DO#278
3do,Mad Dog II - The Lost Gold (USA),疯狗2消失的黄金城（美版）,3DO#279
3do,Mad Dog McCree (USA),疯狗 麦克里（美版）,3DO#280
3do,Mahjong Gokuu Tenjiku (Japan),麻雀悟空 天竺（日版）,3DO#281
3do,Mahjong-kyou Jidai - AV Gal Seifuku-hen (Japan),麻雀狂时代 av辣妹制服（日版）,3DO#282
3do,Mahjong-kyou Jidai Cogal Houkago-hen (Japan),麻将狂时代 高中辣妹放学后篇（日版）,3DO#283
3do,Makaroni Hourensou Interactive (Japan),マカロニほうれん荘　インタラクティブ（日版）,3DO#284
3do,Mathemagics - An Interactive Learning Cube (USA),数学 互动教学（美版）,3DO#285
3do,Mazer (USA),马泽尔（美版）,3DO#286
3do,"MegaRace (Europe) (En,Fr,De,Es,It)","烈火战车（欧版） (En,Fr,De,Es,It)",3DO#287
3do,MegaRace (Japan),烈火战车（日版）,3DO#288
3do,"MegaRace (USA, Europe) (En,Fr,De,Es,It)","烈火战车（美版 欧版） (En,Fr,De,Es,It)",3DO#289
3do,"MegaRace (USA, Korea) (En,Fr,De,Es,It)","烈火战车（美版，韩版） (En,Fr,De,Es,It)",3DO#290
3do,Microcosm (Japan),缩影（日版）,3DO#291
3do,Microcosm (USA),缩影（美版）,3DO#292
3do,Mind Teazzer (USA),,3DO#293
3do,Mirai Shounen Conan - Digital Library (Japan),未来少年柯南 - 数字图书馆（日版）,3DO#294
3do,Monoshiri Jiyuugaku - Ogura Hyakunin Isshu-hen (Japan),小倉百人一首編（日版）,3DO#295
3do,Montana Jones (Japan),夺宝奇谋（日版）,3DO#296
3do,Montana Jones (Japan) (Demo),夺宝奇谋（日版） （演示版）,3DO#297
3do,Moon Cradle - Igyou no Hanayome (Japan),月球摇篮 异型的新娘（日版）,3DO#298
3do,Multimedia Shinsho - Driving School - Futsuu Menkyo Gakka-hen (Japan),,3DO#299
3do,"Murphy da yo Zen'in Shuugou!! (Japan) (En,Ja)","全员集合！（日版） (En,Ja)",3DO#300
3do,Myst (Germany),神秘岛（德国版）,3DO#301
3do,Myst (Japan),神秘岛（日版）,3DO#302
3do,Myst (Japan) (Rev A),神秘岛（日版） （修正版 A）,3DO#303
3do,Myst (USA),神秘岛（美版）,3DO#304
3do,N.O.B. (Neo Organic Bioform) (Japan),,3DO#305
3do,Nais How's 1 - Front How's ('95.8.1 Version 1.0 R2.0) (Japan),,3DO#306
3do,"Naoko to Hide-bou - Kanji no Tensai 1 - Bushu-hen, Bushu no Namae ga Tanoshii Chou Kioku-hou (Japan)",漢字の天才１　部首編・部首の名前が楽しい超記憶法（日版）,3DO#307
3do,Naoko to Hide-bou - Sansuu no Tensai 1 - Wa to Sa no Bunshoudai Tsurukamezan Part I (Butsubutsu Koukan no Maki) (Japan),算数の天才１　和と差の文章題・つるカメ算パートⅠ（物々交換の巻）(Butsubutsu Koukan no Maki) （日版）,3DO#308
3do,Naoko to Hide-bou - Sansuu no Tensai 2 - Hayasa no Bunshoudai Tsuukasan Part I (Japan),算数の天才２　速さの文章題・通過算パートⅠ（日版）,3DO#309
3do,National-Panasonic Collection (Japan),,3DO#310
3do,Nemurenu Yoru no Chiisana Ohanashi (Japan),不眠之夜的小故事（日版）,3DO#311
3do,NeuroDancer - Journey into the Neuronet! (USA),神经舞者-神经网络之旅！（美版）,3DO#312
3do,New How's 1 - Front How's ('94.9.1 Version 1.0) (Japan) (Rev A),,3DO#313
3do,NFL Madden Football (Japan),NFL疯狂橄榄球（日版）,3DO#314
3do,Nice Body - For Professional Use (Japan),泳衣写真（日版）,3DO#315
3do,Night Trap (Japan) (Disc 1),午夜陷阱（日版） （光碟 1）,3DO#316
3do,Night Trap (Japan) (Disc 2),午夜陷阱（日版） （光碟 2）,3DO#317
3do,Night Trap (USA) (Disc 1),午夜陷阱（美版） （光碟 1）,3DO#318
3do,Night Trap (USA) (Disc 2),午夜陷阱（美版） （光碟 2）,3DO#319
3do,Nishimura Kyoutarou Travel Mystery - Akugyaku no Kisetsu - Tokyo Nanki Shirahama Renzoku Satsujin Jiken (Japan) (Disc 1),西村京太郎旅行悬疑:凶恶的季节东京南纪白滨连续杀人事件（日版） （光碟 1）,3DO#320
3do,Nishimura Kyoutarou Travel Mystery - Akugyaku no Kisetsu - Tokyo Nanki Shirahama Renzoku Satsujin Jiken (Japan) (Disc 2),西村京太郎旅行悬疑:凶恶的季节东京南纪白滨连续杀人事件（日版） （光碟 2）,3DO#321
3do,Nobunaga no Yabou - Haouden (Japan),信长之野望霸王传（日版）,3DO#322
3do,Nontan to Issho - Hoshi no Okurimono (Japan),诺坦的挑战-星之赠礼（日版）,3DO#323
3do,Nontan to Issho - Nohara de Asobo (Japan),诺坦的挑战-在野地里玩儿（日版）,3DO#324
3do,Nova-Storm (Japan),诺瓦风暴（日版）,3DO#325
3do,Novastorm (USA),诺瓦风暴（美版）,3DO#326
3do,Oceans Below (Japan),海洋以下（日版）,3DO#327
3do,Oceans Below (USA),海洋以下（美版）,3DO#328
3do,Off-World Interceptor (Japan),外星战车（日版）,3DO#329
3do,Off-World Interceptor (Korea),外星战车（韩国版）,3DO#330
3do,"Off-World Interceptor (USA, Europe)",外星战车（美版 欧版）,3DO#331
3do,Ogura Hyakunin Isshu (Japan),百人一首（日版）,3DO#332
3do,Oilman (Japan),,3DO#333
3do,Olympic Games (Europe) (Demo),奥林匹克运动会（欧版） （演示版）,3DO#334
3do,"Olympic Soccer (USA) (En,Fr,De,Es,It)","奥林匹克足球（美版） (En,Fr,De,Es,It)",3DO#335
3do,Olympic Summer Games (USA),夏季奥林匹克运动会（美版）,3DO#336
3do,Onee-san to Issho! Janken Paradise (Japan),和姐姐一起 剪刀石头布乐园（日版）,3DO#337
3do,Onee-san to Issho! Kisekae Paradise (Japan),和姐姐一起 换装天堂（日版）,3DO#338
3do,OnSide Soccer (USA) (Unl),同侧足球（美版） （非官方版）,3DO#339
3do,Oukoku no Grand Chef (Japan),王国之厨师（日版）,3DO#340
3do,Out of This World (USA),逃离异世界（美版）,3DO#341
3do,Out of This World (USA) (3DO Maniac Pack) (RE),逃离异世界（美版） (3DO Maniac Pack) (RE),3DO#342
3do,Outer World (Japan),逃离异世界（日版）,3DO#343
3do,Oyaji Hunter Mahjong (Japan),爆烈猎人 麻将（日版）,3DO#344
3do,Paddock Note '95 (Japan),围场注释'95（日版）,3DO#345
3do,Paddock Note '95 (Japan) (Rev 1),围场注释'95（日版） （修正版 1）,3DO#346
3do,"Panasonic 3DO Interaktiver Multiplayer Sampler Disc (Germany) (En,De)",,3DO#347
3do,Panasonic REAL 3DO Interactive Multiplayer - Demonstration CD (USA),,3DO#348
3do,Panasonic REAL 3DO Interactive Multiplayer - Sampler CD (Japan),,3DO#349
3do,Panasonic REAL 3DO Interactive Multiplayer - Sampler CD (Japan) (Rev 1),,3DO#350
3do,Panasonic REAL 3DO Interactive Multiplayer - Sampler CD (USA) (ZAZ),,3DO#351
3do,Panasonic REAL 3DO Interactive Multiplayer - Sampler CD (USA) (ZBZ),,3DO#352
3do,Panasonic REAL 3DO Interactive Multiplayer - Sampler CD for PAL System (Europe) (Rev 1),,3DO#353
3do,Panasonic REAL 3DO Interactive Multiplayer - Sampler III and 3DO Storage Manager (USA),,3DO#354
3do,Panasonic Special CD-ROM (Japan),,3DO#355
3do,"Panzer General (USA, Germany)",,3DO#356
3do,PaTaank (Japan),装甲元帅（日版）,3DO#357
3do,PaTaank (Korea),装甲元帅（韩国版）,3DO#358
3do,"PaTaank (USA, Europe)",装甲元帅（美版 欧版）,3DO#359
3do,"Pebble Beach Golf Links (USA, Canada) (Rev 1)",圆石滩滨海高尔夫球场（美版，加拿大版） （修正版 1）,3DO#360
3do,"Pebble Beach Golf Links (USA, Korea)",圆石滩滨海高尔夫球场（美版，韩版）,3DO#361
3do,Penthouse Interactive - Virtual Photo Shoot Vol. 1 (Japan),顶楼互动-虚拟摄影1（日版）,3DO#362
3do,"Perfect General, The (USA)",完美将军（美版）,3DO#363
3do,Perfect World - Combat in a Digital World (Japan),完美世界（日版）,3DO#364
3do,Perfect World - Combat in a Digital World (Japan) (Demo),完美世界（日版） （演示版）,3DO#365
3do,Peter Frankl - Puzzle no Tou (Japan),彼得·弗兰克 谜之塔（日版）,3DO#366
3do,PGA Tour 96 (Europe),美国职业高尔夫球巡回赛96（欧版）,3DO#367
3do,PGA Tour 96 (USA) (RE-1),美国职业高尔夫球巡回赛96（美版） (RE-1),3DO#368
3do,Phoenix 3 (Europe),凤凰3（欧版）,3DO#369
3do,Phoenix 3 (Europe) (Demo),凤凰3（欧版） （演示版）,3DO#370
3do,Phoenix 3 (USA),凤凰3（美版）,3DO#371
3do,Plumbers Don't Wear Ties (USA),水管工不打领带（美版）,3DO#372
3do,"PO'ed (USA, Europe)",波德（美版 欧版）,3DO#373
3do,Policenauts (Japan) (Disc 1),宇宙骑警（日版） （光碟 1）,3DO#374
3do,Policenauts (Japan) (Disc 2),宇宙骑警（日版） （光碟 2）,3DO#375
3do,Policenauts - Pilot Disk (Japan),宇宙骑警 Pilot Disk（日版）,3DO#376
3do,Powers Kingdom (Europe),力量王国（欧版）,3DO#377
3do,Powers Kingdom (Japan),力量王国（日版）,3DO#378
3do,Powerslide (USA) (Unl),甩尾（美版） （非官方版）,3DO#379
3do,Pretty Soldier SailorMoon S (Japan),美少女战士S（日版）,3DO#380
3do,Pretty Soldier SailorMoon S (Japan) (Demo),美少女战士S（日版） （演示版）,3DO#381
3do,"Primal Rage (USA, Europe)",原始之怒（美版 欧版）,3DO#382
3do,Princess Maker 2 (Japan),美少女梦工厂2（日版）,3DO#383
3do,Pro Stadium (Japan),专业运动场（日版）,3DO#384
3do,Pro Yakyuu Virtual Stadium - Professional Baseball (Japan),专业棒球虚拟运动场（日版）,3DO#385
3do,Pro Yakyuu Virtual Stadium - Professional Baseball (Japan) (Demo),专业棒球虚拟运动场（日版） （演示版）,3DO#386
3do,Psychic Detective (USA) (Disc 1),通灵侦探（美版） （光碟 1）,3DO#387
3do,Psychic Detective (USA) (Disc 2),通灵侦探（美版） （光碟 2）,3DO#388
3do,Psychic Detective (USA) (Disc 3),通灵侦探（美版） （光碟 3）,3DO#389
3do,Puppet Tale (Japan),木偶故事（日版）,3DO#390
3do,Putt-Putt Goes to the Moon (USA),,3DO#391
3do,"Putt-Putt Joins the Parade (Japan) (En,Ja)","Putt Putt加入游行队伍（日版） (En,Ja)",3DO#392
3do,Putt-Putt Joins the Parade (USA),Putt Putt加入游行队伍（美版）,3DO#393
3do,Putt-Putt Joins the Parade (USA) (Alt),Putt Putt加入游行队伍（美版） (Alt),3DO#394
3do,"Putt-Putt's Fun Pack (Japan) (En,Ja)","putt putt趣味包（日版） (En,Ja)",3DO#395
3do,"Putt-Putt's Fun Pack (USA, Korea)",putt putt趣味包（美版，韩版）,3DO#396
3do,Puzzle Bobble (Japan),泡泡龙（日版）,3DO#397
3do,Puzzle Bobble (Japan) (Demo),泡泡龙（日版） （演示版）,3DO#398
3do,Pyramid Intruder (Japan),金字塔入侵者（日版）,3DO#399
3do,"Quarantine (USA) (En,Fr,De,Es) (RE)","隔离（美版） (En,Fr,De,Es) (RE)",3DO#400
3do,"Quarantine (USA) (En,Ja,Fr,De,Es) (RE2)","隔离（美版） (En,Ja,Fr,De,Es) (RE2)",3DO#401
3do,"Quarantine (USA, Japan) (En,Ja,Fr,De,Es)","隔离(USA, Japan) (En,Ja,Fr,De,Es)",3DO#402
3do,Quarterback Attack (USA),,3DO#403
3do,Real Pinball (Canada),真实弹珠台（加拿大版）,3DO#404
3do,Real Pinball (Europe),真实弹珠台（欧版）,3DO#405
3do,Real Pinball (USA),真实弹珠台（美版）,3DO#406
3do,Return Fire (Japan) (Demo),救援炮火（日版） （演示版）,3DO#407
3do,"Return Fire (Japan, Europe) (En,Ja,Fr,De,Es,It,Pt,Ko,Ru,Ar)","救援炮火（日版，欧版） (En,Ja,Fr,De,Es,It,Pt,Ko,Ru,Ar)",3DO#408
3do,Return Fire (USA),救援炮火（美版）,3DO#409
3do,"Return Fire (USA, Europe)",救援炮火（美版 欧版）,3DO#410
3do,Return Fire - Maps O' Death (Europe),救援炮火 死亡地图（欧版）,3DO#411
3do,Return Fire - Maps O' Death (USA),救援炮火 死亡地图（美版）,3DO#412
3do,Rise of the Robots (Europe),机器人崛起（欧版）,3DO#413
3do,Rise of the Robots (USA),机器人崛起（美版）,3DO#414
3do,Road & Track Presents - OverDrivin' (Japan),极品飞车（日版）,3DO#415
3do,Road & Track Presents - OverDrivin' (Japan) (Demo),极品飞车（日版） （演示版）,3DO#416
3do,Road & Track Presents - The Need for Speed (Korea),极品飞车（韩国版）,3DO#417
3do,"Road & Track Presents - The Need for Speed (USA, Europe)",极品飞车（美版 欧版）,3DO#418
3do,Road Rash (Europe),暴力摩托（欧版）,3DO#419
3do,Road Rash (Europe) (Rev 1),暴力摩托（欧版） （修正版 1）,3DO#420
3do,Road Rash (Japan),暴力摩托（日版）,3DO#421
3do,Road Rash (Japan) (Demo),暴力摩托（日版） （演示版）,3DO#422
3do,Road Rash (USA),暴力摩托（美版）,3DO#423
3do,Robinson's Requiem (USA),鲁滨孙的安魂曲（美版）,3DO#424
3do,Royal Pro Wrestling - Jikkyou Live!! (Japan),皇家职业摔跤（日版）,3DO#425
3do,"Samurai Shodown (Japan) (En,Ja)","侍魂（日版） (En,Ja)",3DO#426
3do,"Samurai Shodown (USA, Europe)",侍魂（美版 欧版）,3DO#427
3do,"San Diego Zoo Presents... The Animals!, The (USA)",,3DO#428
3do,Sangokushi IV (Japan),三国志 4（日版）,3DO#429
3do,Scramble Cobra (Europe),眼镜蛇紧急起飞（欧版）,3DO#430
3do,Scramble Cobra (Japan),眼镜蛇紧急起飞（日版）,3DO#431
3do,Scramble Cobra (Japan) (Demo),眼镜蛇紧急起飞（日版） （演示版）,3DO#432
3do,Scramble Cobra (USA),眼镜蛇紧急起飞（美版）,3DO#433
3do,Seal of the Pharaoh (USA),法老的封印（美版）,3DO#434
3do,Secre Fuumin no Omochabako (Japan),性生活的玩具箱（日版）,3DO#435
3do,Seimei Handan (Japan),姓名判断（日版）,3DO#436
3do,Sento Monogatari - Sono I (Japan),澡堂物语（日版）,3DO#437
3do,Sesame Street - Numbers (Japan),芝麻街（日版）,3DO#438
3do,Sesame Street - Numbers (USA),芝麻街（美版）,3DO#439
3do,Sewer Shark (USA),下水道鲨鱼（美版）,3DO#440
3do,Sex (USA),性（美版）,3DO#441
3do,SHADOW - War of Succession (USA),暗战继承权（美版）,3DO#442
3do,SHADOW Warriors (Japan),暗影战士（日版）,3DO#443
3do,Shanghai - Banri no Choujou - The Great Wall (Japan) (Rev 1),上海 万里长城（日版） （修正版 1）,3DO#444
3do,Shanghai - Triple-Threat (USA),上海 三重威胁（美版）,3DO#445
3do,Shanghai - Triple-Threat (USA) (3DO Action Pak),上海 三重威胁（美版） (3DO Action Pak),3DO#446
3do,Shelley Duvall's It's a Bird's Life (USA),雪莱鸟（美版）,3DO#447
3do,Shock Wave (Europe),冲击波（欧版）,3DO#448
3do,Shock Wave (Japan),冲击波（日版）,3DO#449
3do,Shock Wave (Japan) (Demo),冲击波（日版） （演示版）,3DO#450
3do,Shock Wave (Korea),冲击波（韩国版）,3DO#451
3do,Shock Wave (USA) (RE1),冲击波（美版） (RE1),3DO#452
3do,Shock Wave (USA) (RE2),冲击波（美版） (RE2),3DO#453
3do,Shock Wave - Operation JumpGate (Japan),冲击波（日版）,3DO#454
3do,Shock Wave - Operation JumpGate (Japan) (Demo),冲击波（日版） （演示版）,3DO#455
3do,"Shock Wave - Operation JumpGate (USA, Europe)",冲击波（美版 欧版）,3DO#456
3do,Shockwave 2 - Beyond the Gate (Europe) (Disc 1),冲击波2（欧版） （光碟 1）,3DO#457
3do,Shockwave 2 - Beyond the Gate (Europe) (Disc 2),冲击波2（欧版） （光碟 2）,3DO#458
3do,Shockwave 2 - Beyond the Gate (USA) (Disc 01),冲击波2（美版） (Disc 01),3DO#459
3do,Shockwave 2 - Beyond the Gate (USA) (Disc 02),冲击波2（美版） (Disc 02),3DO#460
3do,Short Warp - Warp's Short Game Collection (Japan),小游戏集合（日版）,3DO#461
3do,Sid Meier's C.P.U. Bach (USA),希德·梅尔的C.P.U.巴赫（美版）,3DO#462
3do,"Slam 'n Jam '95 (Japan, Korea)",詹姆士灌篮95（日版，韩版）,3DO#463
3do,Slam 'n Jam '95 (USA) (Alt),詹姆士灌篮95（美版） (Alt),3DO#464
3do,"Slam 'N Jam '95 (USA, Europe)",詹姆士灌篮95（美版 欧版）,3DO#465
3do,"Slam 'n Jam '95 (USA, Europe)_2",詹姆士灌篮95（美版 欧版）_2,3DO#466
3do,Slayer (Europe),屠宰者（欧版）,3DO#467
3do,Slayer (USA),屠宰者（美版）,3DO#468
3do,Slayer (USA) (3DO Action Pak),屠宰者（美版） (3DO Action Pak),3DO#469
3do,Slopestyle - An Interactive Learning Cube (USA),交互式学习立方体（美版）,3DO#470
3do,SnowJob Starring Tracy Scoggins (Europe) (Disc 1),,3DO#471
3do,SnowJob Starring Tracy Scoggins (Europe) (Disc 2),,3DO#472
3do,SnowJob Starring Tracy Scoggins (USA) (Disc 1),,3DO#473
3do,SnowJob Starring Tracy Scoggins (USA) (Disc 2),,3DO#474
3do,Soccer Kid (Europe),足球小子（欧版）,3DO#475
3do,Soccer Kid (USA),足球小子（美版）,3DO#476
3do,Sotsugyou - Graduation - Final (Japan),卒業　-FINAL-（日版）,3DO#477
3do,Sotsugyou - Graduation - Final (Japan) (Demo),卒業　-FINAL-（日版） （演示版）,3DO#478
3do,Sotsugyou II Special - Neo Generation (Japan),卒業2（日版）,3DO#479
3do,Space Ace (Europe) (Demo),太空王牌（欧版） （演示版）,3DO#480
3do,Space Ace (USA),太空王牌（美版）,3DO#481
3do,Space Ace (USA) (RE-1),太空王牌（美版） (RE-1),3DO#482
3do,Space Hulk - Vengeance of the Blood Angels (Europe),太空战舰（欧版）,3DO#483
3do,Space Hulk - Vengeance of the Blood Angels (USA),太空战舰（美版）,3DO#484
3do,Space Pirates (USA),太空海盗（美版）,3DO#485
3do,Space Shuttle (USA),航天飞机（美版）,3DO#486
3do,Star Control II (USA),行星控制2（美版）,3DO#487
3do,Star Control II - The Ur-Quan Masters (Japan),行星控制2（日版）,3DO#488
3do,Star Fighter (Europe) (Demo),星际战士（欧版） （演示版）,3DO#489
3do,"Star Fighter (USA, Europe)",星际战士（美版 欧版）,3DO#490
3do,Star Wars - Rebel Assault (Japan),星球大战 义军进攻（日版）,3DO#491
3do,"Star Wars - Rebel Assault (USA, Europe)",星球大战 义军进攻（美版 欧版）,3DO#492
3do,Starblade (Canada),星际之刃（加拿大版）,3DO#493
3do,"Starblade (Europe, Germany)",星际之刃（欧版，德语版）,3DO#494
3do,Starblade (Japan),星际之刃（日版）,3DO#495
3do,Starblade (Japan) (Demo),星际之刃（日版） （演示版）,3DO#496
3do,"Starblade (USA, Korea)",星际之刃（美版，韩版）,3DO#497
3do,Stellar 7 - Draxon's Revenge (Japan),史黛拉7～德拉克森的逆袭～（日版）,3DO#498
3do,Stellar 7 - Draxon's Revenge (USA),史黛拉7～德拉克森的逆袭～（美版）,3DO#499
3do,Storage Manager - Memory Kanri (Japan),存储管理（日版）,3DO#500
3do,Strahl (Japan),光束（日版）,3DO#501
3do,Strahl (USA),光束（美版）,3DO#502
3do,Striker - World Cup Special (Europe),世界杯 特别版（欧版）,3DO#503
3do,"Super Model, The - Gail McKenna (Japan)",,3DO#504
3do,Super Nova - Battery Navi (Japan),,3DO#505
3do,Super Real Mahjong P.V (Japan),超真实麻将P.V（日版）,3DO#506
3do,Super Real Mahjong PIV + Aishou Shindan (Japan),超真实麻将PIV + 相性诊所（日版）,3DO#507
3do,Super Street Fighter II Turbo (Europe),街头霸王2 加速版（欧版）,3DO#508
3do,Super Street Fighter II Turbo (Europe) (Demo) (3DO Magazine - Issue 10),街头霸王2 加速版（欧版） （演示版） (3DO Magazine - Issue 10),3DO#509
3do,Super Street Fighter II Turbo (Germany),街头霸王2 加速版（德国版）,3DO#510
3do,Super Street Fighter II Turbo (USA),街头霸王2 加速版（美版）,3DO#511
3do,Super Street Fighter II Turbo (USA) (RE2),街头霸王2 加速版（美版） (RE2),3DO#512
3do,"Super Street Fighter II Turbo (USA, Canada) (RE1)",街头霸王2 加速版（美版，加拿大版） (RE1),3DO#513
3do,Super Street Fighter II X - Grand Master Challenge (Japan),超级街霸2X 大师挑战赛（日版）,3DO#514
3do,"Super Street Fighter II X - Grand Master Challenge (Japan, Europe) (Demo)",超级街霸2X 大师挑战赛（日版，欧版） （演示版）,3DO#515
3do,Super Wing Commander (Europe),银河飞将（欧版）,3DO#516
3do,Super Wing Commander (Japan),银河飞将（日版）,3DO#517
3do,Super Wing Commander (Korea),银河飞将（韩国版）,3DO#518
3do,Super Wing Commander (USA),银河飞将（美版）,3DO#519
3do,SuperModels Go Wild (USA),超级模特 野外（美版）,3DO#520
3do,"Supreme Warrior (Japan) (Ja,Zh) (Disc 1) (Fire & Earth)","英雄（日版） (Ja,Zh) （光碟 1） (Fire & Earth)",3DO#521
3do,"Supreme Warrior (Japan) (Ja,Zh) (Disc 2) (Wind & Fang Tu)","英雄（日版） (Ja,Zh) （光碟 2） (Wind & Fang Tu)",3DO#522
3do,Supreme Warrior (USA) (Disc 1) (Fire & Earth),英雄（美版） （光碟 1） (Fire & Earth),3DO#523
3do,Supreme Warrior (USA) (Disc 2) (Wind & Fang Tu),英雄（美版） （光碟 2） (Wind & Fang Tu),3DO#524
3do,Sword & Sorcery (Japan),剑与魔法（日版）,3DO#525
3do,Sword & Sorcery (Japan) (Demo),剑与魔法（日版） （演示版）,3DO#526
3do,Syndicate (Europe),暴力辛迪加（欧版）,3DO#527
3do,Syndicate (Europe) (Demo),暴力辛迪加（欧版） （演示版）,3DO#528
3do,Syndicate (Japan),暴力辛迪加（日版）,3DO#529
3do,Syndicate (USA),暴力辛迪加（美版）,3DO#530
3do,System Catalog - Kigyou-muke System no Goannai (Japan),,3DO#531
3do,T&E VR Golf - Devil's Course (Japan),VR高尔夫 死亡谷国家公园（日版）,3DO#532
3do,T&E VR Golf - Masters - Harukanaru Augusta 3 (Japan),VR高尔夫 Masters～遥远的苍星3～（日版）,3DO#533
3do,T&E VR Golf - Masters - Harukanaru Augusta 3 (Japan) (Demo),VR高尔夫 Masters～遥远的苍星3～（日版） （演示版）,3DO#534
3do,T&E VR Golf - Pebble Beach no Hatou (Japan),VR高尔夫 圆石滩球场（日版）,3DO#535
3do,T&E VR Golf - Waialae no Kiseki (Japan),VR高尔夫 瓦乐奇迹（日版）,3DO#536
3do,Taiketsu Rumiizu! (Japan),一场对决吧!（日版）,3DO#537
3do,Takeru (Japan) (Rev 1),武（日版） （修正版 1）,3DO#538
3do,Tanjou - Debut - Pure (Japan) (Rev A),诞生～Debut～Pure（日版） （修正版 A）,3DO#539
3do,Tarot Uranai (Japan),塔罗牌占卜（日版）,3DO#540
3do,Tetsujin (Japan),铁人（日版）,3DO#541
3do,Tetsujin Returns (Japan),铁人 回归（日版）,3DO#542
3do,Theatre Wars - Goraku no Dendou (Japan),娱乐的殿堂（日版）,3DO#543
3do,Theme Park (Europe) (Demo),主题公园（欧版） （演示版）,3DO#544
3do,"Theme Park (Europe) (En,Fr)","主题公园（欧版） (En,Fr)",3DO#545
3do,Theme Park (Germany),主题公园（德国版）,3DO#546
3do,Theme Park (Japan),主题公园（日版）,3DO#547
3do,Theme Park (Japan) (Demo),主题公园（日版） （演示版）,3DO#548
3do,Theme Park (USA),主题公园（美版）,3DO#549
3do,Toki o Koeta Tegami (Japan),超越时空的信（日版）,3DO#550
3do,Tokimeki Mahjong Paradise Special - Koi no Tenpai Beat (Japan),心跳麻雀（日版）,3DO#551
3do,ToonTime ...In the Classroom (USA),教室里的时间（美版）,3DO#552
3do,Total Eclipse (Europe),心之全蚀（欧版）,3DO#553
3do,Total Eclipse (Europe) (DFJN5015ZAZ),心之全蚀（欧版） (DFJN5015ZAZ),3DO#554
3do,Total Eclipse (Japan),心之全蚀（日版）,3DO#555
3do,Total Eclipse (Korea),心之全蚀（韩国版）,3DO#556
3do,Total Eclipse (USA),心之全蚀（美版）,3DO#557
3do,"Total Eclipse (USA, Europe)",心之全蚀（美版 欧版）,3DO#558
3do,Totsugeki Karakuri! Megadas!! (Japan),突击机关（日版）,3DO#559
3do,Totsugeki Karakuri! Megadas!! (Japan) (Demo),突击机关（日版） （演示版）,3DO#560
3do,Touhaiden Akagi (Japan),斗牌传说（日版）,3DO#561
3do,"Tower, The (Japan)",高楼（日版）,3DO#562
3do,Toyopet Outdoor World (Japan),,3DO#563
3do,Toyopet RV Paddock (Japan),,3DO#564
3do,Tozasareta Yakata (Japan),闭馆（日版）,3DO#565
3do,"Trip'd (USA, Europe)",恶魔方块（美版 欧版）,3DO#566
3do,True Golf Classics - Pebble Beach Golf Links (Europe),高尔夫经典 圆石滩高尔夫林克斯球场（欧版）,3DO#567
3do,True Golf Classics - Waialae Country Club (Germany),高尔夫经典 乡村俱乐部（德国版）,3DO#568
3do,Twinkle Knights (Japan),闪耀骑士（日版）,3DO#569
3do,Twisted (Japan),扭曲（日版）,3DO#570
3do,Twisted - The Game Show (Europe),扭曲-游戏秀（欧版）,3DO#571
3do,Twisted - The Game Show (USA),扭曲-游戏秀（美版）,3DO#572
3do,Twisted - The Game Show (USA) (Alt),扭曲-游戏秀（美版） (Alt),3DO#573
3do,Uchuu Seibutsu Flopon-kun (Japan),宇宙生物:浮若风君（日版）,3DO#574
3do,Ultraman Powered (Japan),超人力霸王（日版）,3DO#575
3do,V Goal Soccer '96 (Japan),胜利足球96（日版）,3DO#576
3do,V Goal Soccer '96 (Japan) (Demo),胜利足球96（日版） （演示版）,3DO#577
3do,Virtual Cameraman Part 1 - Naomi Sawada & Anna Juri (Japan),虚拟摄影师1（日版）,3DO#578
3do,Virtual Cameraman Part 2 - Natsumi Kawai & Kimi Tachihara (Japan),虚拟摄影师2（日版）,3DO#579
3do,Virtual Cameraman Part 3 - Yumika Sugimoto (Japan),,3DO#580
3do,Virtual Cameraman Part 4 - Shiori Fujitani (Japan),,3DO#581
3do,Virtual Cameraman Part 5 - Yuri Andou (Japan),,3DO#582
3do,"Virtual Horror - Norowareta Yakata (Japan) (En,Ja)","虚拟恐惧 被诅咒的房子（日版） (En,Ja)",3DO#583
3do,Virtual Puppet Reika (Japan),虚拟木偶瑞卡（日版）,3DO#584
3do,Virtual Quest - Pharaoh no Fuuin (Japan),法老的封印（日版）,3DO#585
3do,Virtual Vivid (USA),虚拟女孩（美版）,3DO#586
3do,Virtual Vivid (USA) (RE-1),虚拟女孩（美版） (RE-1),3DO#587
3do,"Virtuoso (Europe) (En,Fr,De)","神枪手（欧版） (En,Fr,De)",3DO#588
3do,Virtuoso (Japan),神枪手（日版）,3DO#589
3do,Virtuoso (USA),神枪手（美版）,3DO#590
3do,VR Stalker (Europe) (Improved Version),VR潜行者（欧版） (Improved Version),3DO#591
3do,"VR Stalker (USA, Korea)",VR潜行者（美版，韩版）,3DO#592
3do,"Waialae Country Club (USA, Canada)",维艾勒伊乡村俱乐部（美版，加拿大版）,3DO#593
3do,Warner Music Group (USA),华纳音乐集团（美版）,3DO#594
3do,Way of the Warrior (Japan),战士之路（日版）,3DO#595
3do,Way of the Warrior (USA),战士之路（美版）,3DO#596
3do,We Got It (Europe),我们懂了（欧版）,3DO#597
3do,Who Shot Johnny Rock (USA),,3DO#598
3do,Wicked 18 (USA),高尔夫经典：Wicked 18（美版）,3DO#599
3do,Wing Commander III - Heart of the Tiger (Germany) (Disc 1),银河飞将3:猛虎之心（德国版） （光碟 1）,3DO#600
3do,Wing Commander III - Heart of the Tiger (Germany) (Disc 2),银河飞将3:猛虎之心（德国版） （光碟 2）,3DO#601
3do,Wing Commander III - Heart of the Tiger (Germany) (Disc 3),银河飞将3:猛虎之心（德国版） （光碟 3）,3DO#602
3do,Wing Commander III - Heart of the Tiger (Germany) (Disc 4),银河飞将3:猛虎之心（德国版） （光碟 4）,3DO#603
3do,Wing Commander III - Heart of the Tiger (USA) (Disc 1),银河飞将3:猛虎之心（美版） （光碟 1）,3DO#604
3do,Wing Commander III - Heart of the Tiger (USA) (Disc 2),银河飞将3:猛虎之心（美版） （光碟 2）,3DO#605
3do,"Wing Commander III - Heart of the Tiger (USA, Europe) (Disc 1)",银河飞将3:猛虎之心（美版 欧版） （光碟 1）,3DO#606
3do,"Wing Commander III - Heart of the Tiger (USA, Europe) (Disc 2)",银河飞将3:猛虎之心（美版 欧版） （光碟 2）,3DO#607
3do,"Wing Commander III - Heart of the Tiger (USA, Europe) (Disc 3)",银河飞将3:猛虎之心（美版 欧版） （光碟 3）,3DO#608
3do,"Wing Commander III - Heart of the Tiger (USA, Europe) (Disc 4)",银河飞将3:猛虎之心（美版 欧版） （光碟 4）,3DO#609
3do,Winning Post (Japan),赛马大亨（日版）,3DO#610
3do,Wolfenstein 3D (Europe),德军总部3D（欧版）,3DO#611
3do,Wolfenstein 3D (Japan),德军总部3D（日版）,3DO#612
3do,Wolfenstein 3D (USA),德军总部3D（美版）,3DO#613
3do,Woody Woodpecker and Friends - Volume One (USA) (RE-1),啄木鸟伍迪和朋友们1（美版） (RE-1),3DO#614
3do,Woody Woodpecker and Friends - Volume Three (USA),啄木鸟伍迪和朋友们3（美版）,3DO#615
3do,Woody Woodpecker and Friends - Volume Two (USA),啄木鸟伍迪和朋友们2（美版）,3DO#616
3do,World Cup Golf - Hyatt Dorado Beach (Europe),高尔夫世界杯 凯悦多拉多海滩（欧版）,3DO#617
3do,"World Cup Golf - Hyatt Dorado Beach (USA, Europe)",高尔夫世界杯 凯悦多拉多海滩（美版 欧版）,3DO#618
3do,World Cup Special (Japan),世界杯 特别版（日版）,3DO#619
3do,WorldCup Super Stadium (Japan),世界杯 超级运动场（日版）,3DO#620
3do,"Yakyuuken Special, The (Japan)",野球拳SP（日版）,3DO#621
3do,Yamada Kamachi Bijutsukan - Kamachi's Museum (Japan),山田かまち美術館（日版）,3DO#622
3do,Yamamura Misa Suspense - Kyoto Kurama Sansou Satsujin Jiken (Japan) (Disc 1),山村美紗サスペンス 京都鞍馬山荘殺人事件（日版） （光碟 1）,3DO#623
3do,Yamamura Misa Suspense - Kyoto Kurama Sansou Satsujin Jiken (Japan) (Disc 2),山村美紗サスペンス 京都鞍馬山荘殺人事件（日版） （光碟 2）,3DO#624
3do,Yu Yu Hakusho (Japan),幽游白书（日版）,3DO#625
3do,Yu Yu Hakusho (Japan) (Demo),幽游白书（日版） （演示版）,3DO#626
3do,Yuujou Densetsu - The Doraemons (Japan),友情传说-哆啦A梦（日版）,3DO#627
3do,Yuujou Densetsu - The Doraemons (Japan) (Demo),友情传说-哆啦A梦（日版） （演示版）,3DO#628
3do,"Zhadnost - The People's Party (USA, Europe)",Zhadnost:人民党（美版 欧版）,3DO#629
