system,english_name,chinese_name
md,3 Ninjas Kick Back (U),忍杀三人组(美)
md,6-Pak (U),
md,16 Tiles Mahjong (Unl),十六张麻将(Unl)
md,16 Ton (J) (Sega Channel),世嘉频道(日)
md,36 Great Holes Starring Fred Couples (32X) (E),高尔夫球(32X)(欧)
md,36 Great Holes Starring Fred Couples (32X) (JU),高尔夫球(32X)(日美)
md,688 Attack Sub (U),猎杀潜艇(美)
md,777 Casino (Unl),
md,EA Hockey League (U),EA曲棍球联赛(美)
md,EA Sports Double Header (E),EA赛车联赛(欧)
md,Earnest Evans (U),认真爱文(美)
md,Earthworm Jim (E),蚯蚓吉姆(欧)
md,Earthworm Jim (U),蚯蚓吉姆(美)
md,Earthworm Jim 2 (E) [x],蚯蚓吉姆2(欧)
md,Earthworm Jim 2 (U),蚯蚓吉姆2(美)
md,Ecco - The Tides of Time (E) (Beta),小海豚-退潮后的游戏时间(测试版)(欧)
md,Ecco - The Tides of Time (E),小海豚-退潮后的游戏时间(欧)
md,Ecco - The Tides of Time (U) (Beta) [a1],小海豚-退潮后的游戏时间[a1](测试版)(美)
md,Ecco - The Tides of Time (U) (Beta),小海豚-退潮后的游戏时间(测试版)(美)
md,Ecco - The Tides of Time (U),小海豚-退潮后的游戏时间(美)
md,Ecco (J),小海豚(日)
md,Ecco (U),小海豚(美)
md,Ecco Jr. (JUE) (Feb 1995),JR海豚(日美欧)
md,Ecco Jr. (JUE) (Mar 1995),JR海豚(日美欧)
md,Ecco the Dolphin (32X) (CinePak Demo) (JUE),海豚(32X)(日美欧)
md,El Viento (J),EL维恩特(日)
md,El Viento (U),EL维恩特(美)
md,Elemental Master (J),元素支配者(日)
md,Elemental Master (U),元素支配者(美)
md,Eliminate Down (J),空战(日)
md,Elitserien 95 (SW),曲棍球赛季95(SW)
md,Elitserien 96 (SW),曲棍球赛季96(SW)
md,Escape From Mars Starring Taz (E),火星逃脱者(欧)
md,Escape From Mars Starring Taz (U),火星逃脱者(美)
md,ESPN Baseball Tonight (U),夜色棒球(美)
md,ESPN National Hockey Night (Beta),夜色曲棍球(测试版)
md,ESPN National Hockey Night (U),夜色曲棍球(美)
md,ESPN SpeedWorld (U),极速世界(美)
md,ESPN Sunday Night Football (U),夜色足球(美)
md,ESWAT Cyber Police - City Under Siege (U),武装行警(美)
md,ESWAT Cyber Police - Enhanced Special Weapons and Tactics (J),武装行警(日)
md,Eternal Champions (Beta),永恒之冠(测试版)
md,Eternal Champions (E),永恒之冠(欧)
md,Eternal Champions (J),永恒之冠(日)
md,Eternal Champions (U),永恒之冠(美)
md,Europe Sensen (J),征战欧洲(日)
md,European Club Soccer (E),欧洲足球俱乐部(欧)
md,Evander Holyfield's Real Deal Boxing (U),真实拳击(美)
md,Exile - Toki no Hazama he (J),流放-时间之夹缝(日)
md,Exile (U),流放(美)
md,Ex-Mutants (U),EX-异种(美)
md,Exodus (U) (Unl),依克斯达斯(Unl)(美)
md,Exo-Squad (U) (T-132026),空中战警(T-132026)(美)
md,Exo-Squad (U) (T-132086),空中战警(T-132086)(美)
md,Ex-Ranza (Beta),鸟人战机(测试版)
md,Ex-Ranza (J),鸟人战机(日)
md,F1 Circus MD (J),F1赛车(日)
md,F1 World Championship (E),F1世界锦标赛(欧)
md,F1 World Championship (U),F1世界锦标赛(美)
md,F1 World Championship Edition (Beta) [a1],F1世界锦标赛[a1](测试版)
md,F1 World Championship Edition (Beta),F1世界锦标赛(测试版)
md,F1 World Championship Edition (E),F1世界锦标赛(欧)
md,F-117 Night Storm (JUE),F117死亡龙卷(日美欧)
md,F-117 Stealth - Operation Night Storm (Beta),F117死亡龙卷(测试版)
md,F-15 Strike Eagle II (Beta),F15猎鹰行动(测试版)
md,F-15 Strike Eagle II (E),F15猎鹰行动(欧)
md,F-15 Strike Eagle II (U),F15猎鹰行动(美)
md,F-22 Interceptor (Beta),F22拦截机(测试版)
md,F-22 Interceptor (U) (Jun 1992),F22拦截机(6月1992)(美)
md,F-22 Interceptor (U) (Sep 1991) [a1][c],F22拦截机(9月1991)[a1][c](美)
md,F-22 Interceptor (U) (Sep 1991),F22拦截机(9月1991)(美)
md,"Faery Tale Adventure, The (U)",幻境传说(美)
md,Family Feud (U),家庭竞赛(美)
md,Fantasia (E) (r00),
md,Fantasia (J) (r01),
md,Fantasia (U) (r00),
md,Fantastic Dizzy (UE) (M5) [a1],鸡蛋冒险(M5)[a1](美欧)
md,Fantastic Dizzy (UE) (M5),鸡蛋冒险(M5)(美欧)
md,Fastest 1 (J),大赛车(日)
md,Fatal Fury - King of Fighters (E),饿狼传说1(欧)
md,Fatal Fury - King of Fighters (U),饿狼传说1(美)
md,Fatal Fury 2 (UE),饿狼传说2(美欧)
md,Fatal Labyrinth (JUE),致命迷宫(日美欧)
md,Fatal Rewind (U),机械战狗(欧)
md,Fatman (J),肥人(日)
md,Fengshen Yingjiechuan (Ch) (Unl) [x],封神英杰传(中)
md,Ferias Frustradas do Pica-Pau (B),火烈鸟(B)
md,Ferrari Grand Prix Challenge (Beta),长途汽车挑战赛(测试版)
md,Ferrari Grand Prix Challenge (U),长途汽车挑战赛(美)
md,Fever Pitch Soccer (E) (M5),
md,Fido Dido (U),七喜小子(美)
md,FIFA International Soccer (JUE) (M4),FIFA国际足球(日美欧)
md,FIFA International Soccer 96 (32X) (JUE),FIFA国际足球96(32X)(日美欧)
md,FIFA Soccer 95 (JUE) (M4),FIFA足球95(M4)(日美欧)
md,FIFA Soccer 96 (JUE) (M6),FIFA足球96(M6)(日美欧)
md,FIFA Soccer 97 Gold Edition (UE) (M6),FIFA足球97黄金版(美欧)
md,FIFA Soccer 98 - Road to the World Cup (E) (M5),FIFA足球98-通向世界杯之路(欧)
md,Fighting Masters (J),星际主人(日)
md,Fighting Masters (U),星际主人(美)
md,Final Blow (J),拳击(日)
md,Final Zone (JU),终极战区(日美)
md,Fire Mustang (J),烈焰军刀(日)
md,Fire Shark (U) [a1],鲛!鲛!鲛![a1](美)
md,Fire Shark (U) [a2],鲛!鲛!鲛![a2](美)
md,Fire Shark (U),鲛!鲛!鲛!(美)
md,Flashback - The Quest for Identity (E),闪电归来-永恒的追寻(欧) Flashback - The Quest for
md,Identity (J),闪电归来-永恒的追寻(日)
md,Flashback - The Quest for Identity (U) [a1],闪电归来-永恒的追寻[a1](美)
md,Flashback - The Quest for Identity (U),闪电归来-永恒的追寻(美)
md,Flicky (JUE),小鸟崔弟(日美欧)
md,"Flintstones, The (E)",石头族乐园(欧)
md,"Flintstones, The (J) [x]",石头族乐园(日)
md,"Flintstones, The (U)",石头族乐园(美)
md,Foreman for Real (JUE),真实拳击(日美欧)
md,Forgotten Worlds (JUE) (r00),世界末日(r00)(日美欧)
md,Forgotten Worlds (JUE) (r01),世界末日(r01)(日美欧)
md,Frank Thomas Big Hurt Baseball (JUE),法兰克汤姆斯棒球(日美欧)
md,Frogger (JU),青蛙过街(日美)
md,From TV Animation Slam Dunk - Kyougou Makkou Taiketsu! (J),篮球飞人-高手 正面的对决(日)
md,Fun Car Rally (U) (Beta),玩具车拉力赛(美)
md,Fun-n-Games (E),玩具游戏(欧)
md,Fun-n-Games (U),玩具游戏(美)
md,Fushigi no Umi no Nadia (J),深海之迷(日)
md,Hard Drivin' (JUE),迅猛赛车(日美欧)
md,HardBall '94 (JUE),硬派棒球94(日美欧)
md,HardBall '95 (JUE),硬派棒球95(日美欧)
md,HardBall III (JUE),硬派棒球3(日美欧)
md,HardBall! (U),硬派棒球!(美)
md,"Haunting, The (JUE)",幽灵(日美欧)
md,Head-On Soccer (U) (M5),足球(美)
md,Heavy Nova (JUE),重装诺瓦(日美欧)
md,Heavy Unit (J),重兵压境(日)
md,Hellfire (E),地狱火(欧)
md,Hellfire (J),地狱火(日)
md,Hellfire (U),地狱火(美)
md,Herzog Zwei (J),离子战机(日)
md,Herzog Zwei (UE),离子战机(美欧)
md,High Seas Havoc (U),大海哮--火箭骑士(美)
md,Hit The Ice (U),暴力冰球(美)
md,Hokuto no Ken - Seikimatsu Kyuuseishu Densetsu (J),北斗神拳-世纪末救世主传说(日)
md,Home Alone (U) (Beta),小鬼当家(测试版)(美)
md,Home Alone (U),小鬼当家(美)
md,Home Alone 2 - Lost in New York (U),小鬼当家2(美)
md,Honoo no Toukyuuji Dodge Danpei (J),
md,Hook (U),小飞侠(美)
md,"Humans, The (U)",新人类(美)
md,Hurricanes (JUE),狂风(日美欧)
md,"Hybrid Front, The (J) [a1]",轨道战争(日)
md,Hyokkori Hyoutanjima - Daitouryou wo Mezase! (J) [x],大统领(日)
md,Hyper Dunk - The Playoff Edition (E),疯狂灌篮-季后赛(欧)
md,Hyper Dunk - The Playoff Edition (J),疯狂灌篮-季后赛(日)
md,Hyper Marbles (J) (Sega Channel),大碰撞(日)
md,IMG International Tour Tennis (JUE),网球巡回赛(日美欧)
md,"Immortal, The (J)",死神传说(日)
md,"Immortal, The (U)",死神传说(美)
md,"Incredible Crash Dummies, The (Beta)",铁人狂奔(测试版)
md,"Incredible Crash Dummies, The (JUE)",铁人狂奔(日美欧)
md,"Incredible Hulk, The (JUE)",绿巨人(日美欧)
md,Indiana Jones and the Last Crusade (JE),印第安那琼斯(日欧)
md,Indiana Jones and the Last Crusade (U),印第安那琼斯(美)
md,Insector X (JUE) (Jul 1990),兵蜂X(6月1990)(日美欧)
md,Insector X (JUE) (Jun 1990),兵蜂X(7月1990)(日美欧)
md,Instruments of Chaos Starring Young Indiana Jones (Beta),少年印第安那琼斯(测试版)
md,Instruments of Chaos Starring Young Indiana Jones (J),印第安那琼斯(日)
md,Instruments of Chaos Starring Young Indiana Jones (U),印第安那琼斯(美)
md,International Rugby (JUE),国际橄榄球(日美欧)
md,International Superstar Soccer Deluxe (Beta),国际全明星足球(测试版)
md,International Superstar Soccer Deluxe (JUE),国际全明星足球(日美欧)
md,Ishido - The Way of Stones (U),石头棋(美)
md,It Came From The Desert (U) [x],流沙斗士(美)
md,"Itchy and Scratchy Game, The (JUE)",
md,Izzy's Quest for the Olympic Rings (JUE),百年奥运会(日美欧)
md,Ka-Ge-Ki - Fists of Steel (J),火激(日)
md,Ka-Ge-Ki - Fists of Steel (U),火激(美)
md,Kawasaki Superbike Challenge (Beta),川崎机车赛(测试版)
md,Kawasaki Superbike Challenge (JUE),川崎机车赛(日美欧)
md,"Kick Boxing, The (J)",
md,Kick Off 3 - European Challenge (E),K.O足球-欧洲联赛(欧)
md,Kid Chameleon (UE),变色龙(美欧)
md,"Killing Game Show, The (J)",机械精灵(日)
md,King of the Monsters (E),万兽之王(欧)
md,King of the Monsters (U),万兽之王(美)
md,King of the Monsters 2 (U),万兽之王2(美)
md,King Salmon (J) [x],鲑鱼王(日)
md,King Salmon (U),鲑鱼王(美)
md,King's Bounty (U),国王之恩典(美)
md,Klax (J),立体方块(日)
md,Klax (U),立体方块(美)
md,Knuckles Chaotix (32X) (E),索尼克(32X)(欧)
md,Knuckles Chaotix (32X) (JU),索尼克(32X)(日美)
md,Kolibri (32X) (JUE),蜂鸟(32X)(日美欧)
md,Koutetsu Teikoku (J),钢铁帝国(日)
md,Krusty's Super Funhouse (JUE) (r00),
md,Krusty's Super Funhouse (JUE) (r01),
md,Kujaku Ou 2 - Geneijou (J),孔雀王2(日)
md,Kuuga - Operation Code 'Vapor Trail' (J),空牙(日)
md,Kyuukai Douchuuki Baseball (J),球界道中记(日)
md,Kyuukyoku Tiger (J),究级虎(日)
md,La Russa 95 (JUE),
md,Labyrinth of Death (J),
md,Lakers vs Celtics (U),NBA湖人Vs 凯尔特人(美)
md,Landstalker - Die Schatze von Konig Nolo (G),秘境魔宝(德)
md,Landstalker - Koutei no Zaihou (J),秘境魔宝(日)
md,Landstalker - Le Tresor du Roi Nole (F),秘境魔宝(法)
md,Landstalker - The Treasures of King Nole (Beta),秘境魔宝(测试版)
md,Landstalker - The Treasures of King Nole (E),秘境魔宝(欧)
md,Landstalker - The Treasures of King Nole (U),秘境魔宝(美)
md,Langrisser (J),梦幻模拟战(日)
md,Langrisser II (J) (r00),梦幻模拟战2(r00)(日)
md,Langrisser II (J) (r01),梦幻模拟战2(r01)(日)
md,Langrisser II (J) (r02),梦幻模拟战2(r02)(日)
md,Last Action Hero (JUE),最后魔鬼英雄(日美欧)
md,Last Battle - Legend of the Final Hero (U),北斗神拳(美)
md,"Lawnmower Man, The (JUE)",除魔战士(日美欧)
md,"Legend of Galahad, The (U)",亚瑟王(美)
md,Lemmings (E),旅鼠总动员(欧)
md,Lemmings (JU) (r00),旅鼠总动员(r00)(日美)
md,Lemmings (JU) (r01),旅鼠总动员(r01)(日美)
md,Lemmings 2 - The Tribes (E),旅鼠总动员2(欧)
md,Lemmings 2 - The Tribes (U),旅鼠总动员2(美)
md,Lethal Enforcers (E),致命杀手1(欧)
md,Lethal Enforcers (J),致命杀手1(日)
md,Lethal Enforcers (U),致命杀手1(美)
md,Lethal Enforcers II - Gun Fighters (E),致命杀手2(欧)
md,Lethal Enforcers II - Gun Fighters (JU),致命杀手2(日美)
md,LHX Attack Helicopter (J),武装直升机(日)
md,LHX Attack Helicopter (U),武装直升机(美)
md,Liberty or Death (U),独立战争(美)
md,Light Crusader (E) (M4),光之十字军战士(欧)
md,Light Crusader (JE),光之十字军战士(日欧)
md,Light Crusader (K),光之十字军战士(韩)
md,Light Crusader (U),光之十字军战士(美)
md,Lightening Force (U),闪电出击特别版(美)
md,Link Dragon (Unl),接龙(Unl)
md,"Lion King, The (JUE)",狮子王(日美欧)
md,Lord Monarch - Tokoton Sentou Densetsu (J),战斗传说(日)
md,"Lost Vikings, The (E) [a1]",失落的维京人[a1](欧)
md,"Lost Vikings, The (E)",失落的维京人(欧)
md,"Lost Vikings, The (U)",失落的维京人(美)
md,Lotus II RECS (Beta),莲花赛车2(测试版)
md,Lotus II RECS (JUE),莲花赛车2(日美欧)
md,Lotus Turbo Challenge (JUE),莲花赛车-超速挑战(日美欧)
md,Olympic Gold - Barcelona '92 (E) 92,巴塞罗那奥运会(欧)
md,Olympic Gold - Barcelona '92 (J) 92,巴塞罗那奥运会(日)
md,Olympic Gold - Barcelona '92 (U) [a1][c] 92,巴塞罗那奥运会[a1][c](美)
md,Olympic Gold - Barcelona '92 (U) 92,巴塞罗那奥运会(美)
md,Olympic Summer Games Atlanta 96 (JUE) 96,亚特兰大夏季奥运(日美欧)
md,Olympic Winter Games - Lillehammer 1994 (J) 94,冬季奥运(日)
md,Olympic Winter Games - Lillehammer 1994 (U) [x] 94,冬季奥运(美)
md,Omega Race (J) [x],旋转战机(日)
md,Onslaught (Unl),突击(Unl)
md,"Ooze, The (E)",毒液(欧)
md,"Ooze, The (JU)",毒液(日美)
md,Operation Europe - Path to Victory 1939-45 (U),第二次世界大战(美)
md,Osomatsu-kun - Hachamecha Gekijou (J) [x],
md,"Ottifants, The (E)",玩具(欧)
md,"Ottifants, The (G) (Beta)",玩具(测试版)(德)
md,Out of this World (U),另一个世界(美)
md,Outlander (E),主视点赛车(欧)
md,Outlander (U),主视点赛车(美)
md,OutRun (JUE) [a1],户外大飙车[a1](日美欧)
md,OutRun (JUE),户外大飙车(日美欧)
md,OutRun 2019 (E),户外大飙车-2019未来版(欧)
md,OutRun 2019 (J),户外大飙车-2019未来版(日)
md,OutRun 2019 (U) (Beta),户外大飙车-2019未来版(测试版)(美)
md,OutRun 2019 (U),户外大飙车-2019未来版(美)
md,OutRunners (J),户外大飙车-街机版(日)
md,OutRunners (U),户外大飙车-街机版(美)
md,Ozaki Naomichi's Super Masters (J),
md,Race Drivin' (JUE),3D赛车(日美欧)
md,Radical Rex (E),雷克斯龙(欧)
md,Radical Rex (U),雷克斯龙(美)
md,Raiden Trad (JUE),雷电(日美欧)
md,Rainbow Islands - The Story of Bubble Bobble 2 (JUE),彩虹岛(日美欧)
md,Rambo III (J) (r00),蓝博3(日)
md,Rambo III (UE) (r01),蓝博3(美欧)
md,Rampart (JUE),堡垒(日美欧)
md,Ranger-X (E),机器勇士(欧)
md,Ranger-X (U),机器勇士(美)
md,Ransei no Hasha (J),乱世的霸者(日)
md,Rastan Saga II (J),神剑传说2 (日)
md,Rastan Saga II (U),神剑传说2 (美)
md,RBI Baseball 3 (JUE),打点棒球3(日美欧)
md,RBI Baseball 4 (JUE) (Aug 1991) [x],打点棒球4(日美欧)[1991]
md,RBI Baseball 4 (JUE) (Jun 1992),打点棒球4(日美欧)[1992]
md,RBI Baseball 93 (JUE),打点棒球93 (日美欧)
md,RBI Baseball 94 (JUE),打点棒球94 (日美欧)
md,RBI Baseball '95 (32X) (U),打点棒球95(32X)(美)
md,Red Zone (JUE),红色地带 (日美欧)
md,Ren and Stimpy's Invention (E),兔兔历险记(欧)
md,Ren and Stimpy's Invention (U),兔兔历险记(美)
md,Rent a Hero (J),英雄(日)
md,Resq (E) [x],卡通飞行器(欧)
md,"Revenge of Fu Manchu, The (Beta)",僵尸复仇(测试版)
md,"Revenge of Shinobi, The (E) (r02)",超级忍(欧)(R02)
md,"Revenge of Shinobi, The (E) (r03)",超级忍(欧)(R03)
md,"Revenge of Shinobi, The (JU) (r00)",超级忍(日欧)
md,"Revenge of Shinobi, The (U) (r01)",超级忍(美)
md,Revolution X (JUE),X革命(日美欧)
md,Richard Scarry's BusyTown (U),理查德快乐城市(美)
md,Rings of Power (U),魔力指环(美)
md,Rise of the Robots (JUE),机器人格斗(日美欧)
md,Risk (U),十字军东征(美)
md,Risky Woods (UE),屠魔大法师(美欧)
md,Ristar - The Shooting Star (J),外星王子(日)
md,Ristar (UE),外星王子(美欧)
md,Road Blasters (JUE) (Jul 1991),疾风赛车 (7月1991)(日美欧)
md,Road Blasters (JUE) (Oct 1991),疾风赛车 (10月1991)(日美欧)
md,Road Rash (U),暴力摩托(美)
md,Road Rash 3 (JUE),暴力摩托3(日美欧)
md,Road Rash II (J) (r00),暴力摩托2(日)
md,Road Rash II (UE) (r02),暴力摩托2(美欧)
md,Road Rash II (UE) (rXX),暴力摩托2(美欧)
md,Robocop 3 (JUE),机器战警3(日美欧)
md,Robocop vs The Terminator (Beta 1),机器战警对终结者(测试版 1)
md,Robocop vs The Terminator (Beta 2),机器战警对终结者(测试版 2)
md,Robocop vs The Terminator (E),机器战警对终结者(欧)
md,Robocop vs The Terminator (U),机器战警对终结者(美)
md,Rock n' Roll Racing (E),滚轮比赛(欧)
md,Rock n' Roll Racing (U),滚轮比赛(美)
md,Rocket Knight Adventures (E),火箭骑士历险记(欧)
md,Rocket Knight Adventures (J),火箭骑士历险记(日)
md,Rocket Knight Adventures (U),火箭骑士历险记(美)
md,Rockman Megaworld (J) [a1],洛克人(日)
md,Rockman Megaworld (J),洛克人(日)
md,"Rocky and Bullwinkle and Friends, The Adventures of (U)",
md,Roger Clements MVP Baseball (U),罗杰克林明星棒球(美)
md,Rolling Thunder 2 (E),轰天雷2(欧)
md,Rolling Thunder 2 (J),轰天雷2(日)
md,Rolling Thunder 2 (U),轰天雷2(美)
md,Rolling Thunder 3 (U),轰天雷3(美)
md,Rolo to the Rescue (J),小象露露历险记(日)
md,Rolo to the Rescue (UE),小象露露历险记(欧美)
md,Romance of the Three Kingdoms II (U),三国志2(美)
md,Romance of the Three Kingdoms III (U),三国志3(美)
md,Ronaldinho 98 (JUE) 98,足球(日美欧)
md,Royal Blood (J),皇家血统(日)
md,Rugby World Cup 1995 (JUE) (M3),鲁格比世界足球95(日美欧)
md,Runark (J),鳄鱼先生(日)
md,Ryuuko no Ken (J),
md,"Story of Thor, The - A Successor of the Light (E)",光之继承者(欧)
md,"Story of Thor, The - A Successor of the Light (F)",光之继承者(法)
md,"Story of Thor, The - A Successor of the Light (G)",光之继承者(德)
md,"Story of Thor, The - A Successor of the Light (K)",光之继承者(韩)
md,"Story of Thor, The - A Successor of the Light (S)",光之继承者(西)
md,"Story of Thor, The - Hikari wo Tsugumono (J)",光之继承者(日)
md,Street Fighter II' - Special Champion Edition (E),街头霸王2-特别冠军版(欧)
md,Street Fighter II' - Special Champion Edition (U),街头霸王2-特别冠军版(美)
md,Street Fighter II' Plus - Champion Edition (J),街头霸王2-特别冠军加强版(日)
md,Street Racer (E),街头赛车[Q版](欧)
md,Street Smart (JUE),街头快打(日美欧)
md,Streets of Rage (JUE) (r00),怒之铁拳(r00)(日美欧)
md,Streets of Rage (JUE) (r01),怒之铁拳(r01)(日美欧)
md,Streets of Rage 2 (U),怒之铁拳2(美)
md,Streets of Rage 3 (E),怒之铁拳3(欧)
md,Streets of Rage 3 (J),怒之铁拳3(日)
md,Streets of Rage 3 (U),怒之铁拳3(美)
md,Streets of Rage II (JE),怒之铁拳2(日欧)
md,Strider (UE),出击飞龙(美欧)
md,Strider Hiryuu (J),
md,Strider II (E) [x],出击飞龙2(欧)
md,Strider Returns - Journey from Darkness (U),出击飞龙(美)
md,Striker (Beta),打击足球(测试版)
md,Striker (E),打击足球(欧)
md,SubTerrania (Beta 1),旋风战机(测试版 1)
md,SubTerrania (Beta 2),旋风战机(测试版 2)
md,SubTerrania (E),旋风战机(欧)
md,SubTerrania (J),旋风战机(日)
md,SubTerrania (U),旋风战机(美)
md,Summer Challenge (JUE),夏季挑战(日美欧)
md,Sunset Riders (E),落日骑士(欧)
md,Sunset Riders (U),落日骑士(美)
md,Super 12 in 1 (Unl),超级12合1(Unl)
md,Super 15 in 1 (U) [Unl],超级15合1(美)
md,Super Airwolf (J),超级飞狼(日)
md,Super Baseball 2020 (J) (v1,超级棒球2020(日)
md,Super Baseball 2020 (U) (v1,超级棒球2020(美)
md,Super Battleship (U),超级海战(美)
md,Super Battletank - War in the Gulf (U),
md,Super Daisenryaku (J),大战略(日)
md,Super Fantasy Zone (E),超级幻想地带(欧)
md,Super Fantasy Zone (J),超级幻想地带(日)
md,Super H.Q. (J),总部追击2(日)
md,Super Hang-On (J) (r00),超级摩托车(日)
md,Super Hang-On (UE) (r01),超级摩托车(美欧)
md,Super High Impact (UE),美式足球(美欧)
md,Super Hydlide (E),田园(欧)
md,Super Hydlide (J),田园(日)
md,Super Hydlide (U),田园(美)
md,Super Kick Off (JUE),超级足球(日美欧)
md,Super League (J) (Feb 1989),超级棒球89(日)
md,Super League (JUE) (May 1989),超级棒球89(日美欧)
md,Super Monaco Grand Prix (JUE) (M2) (r00),超级摩纳哥赛车(r00)(日美欧)
md,Super Monaco Grand Prix (JUE) (M2) (r01),超级摩纳哥赛车(r01)(日美欧)
md,Super Monaco Grand Prix (JUE) (M2) (r02),超级摩纳哥赛车(r02)(日美欧)
md,Super Monaco Grand Prix (U) (r03),超级摩纳哥赛车(r03)(美)
md,Super Offroad (U),超级足球(美)
md,Super Ping Pong (J),超级乒乓球(日)
md,Super Real Basketball (E),超级实况篮球(欧)
md,Super Real Basketball (JU),超级实况篮球(日美)
md,"Super Shinobi II, The (J) (Beta) [a1]",超级忍2(测试版)[a1](日)
md,"Super Shinobi II, The (J) (Beta)",超级忍2(测试版)(日)
md,"Super Shinobi II, The (J)",超级忍2(日)
md,Super Skidmarks (E) [x],超级火箭车(欧)
md,Super Street Fighter II - The New Challengers (E),超级街头霸王2(欧)
md,Super Street Fighter II - The New Challengers (J),超级街头霸王2(日)
md,Super Street Fighter II - The New Challengers (U),超级街头霸王2(美)
md,Super Thunder Blade (J),超级直升机(日)
md,Super Thunder Blade (UE),超级直升机(美欧)
md,Super Volleyball (J) [x],超级排球(日)
md,Super Volleyball (U) [a1],超级排球[a1](美)
md,Super Volleyball (U),超级排球(美)
md,Superman (Beta),超人(测试版)
md,Superman (E),超人(欧)
md,Superman (U),超人(美)
md,Surging Aura (J),光之冲击(日)
md,Sword of Sodan (J),原始之剑(日)
md,Sword of Sodan (U),原始之剑(美)
md,Sword of Vermilion (U),石中剑(美)
md,Syd of Valis (U),
md,Sylvester and Tweety in Cagey Capers (Beta),崔弟与大笨猫(测试版)
md,Sylvester and Tweety in Cagey Capers (JUE),崔弟与大笨猫(日美欧)
md,Syndicate (JUE),企业联合组织(日美欧
md,Soleil (F),新创世纪(法)
md,Soleil (G),新创世纪(德)
md,Soleil (S),新创世纪(西)
md,Sonic 3D Blast (JUE),音速小子3D(日美欧)
md,Sonic and Knuckles (JUE),音速小子加强版(日美欧)
md,Sonic and Knuckles + Sonic the Hedgehog (JUE),音速小子加强版+音速小子(日美欧)
md,Sonic and Knuckles + Sonic the Hedgehog 2 (JUE),音速小子加强版+音速小子2(日美欧)
md,Sonic and Knuckles + Sonic the Hedgehog 3 (JUE),音速小子加强版+音速小子3(日美欧)
md,Sonic Classics (E),
md,Sonic Classics (U),
md,Sonic Crackers (Beta),
md,Sonic Eraser (J) (Sega Channel),音速方块(日)
md,Sonic Spinball (Beta),音速小子弹珠台(测试版)
md,Sonic Spinball (E),音速小子弹珠台(欧)
md,Sonic Spinball (J),音速小子弹珠台(日)
md,Sonic Spinball (U) [a1],音速小子弹珠台(美)[a1]
md,Sonic Spinball (U),音速小子弹珠台(美)
md,Sonic the Hedgehog (J) (r01),音速小子(日)
md,Sonic the Hedgehog (UE) (r00),音速小子(美欧)
md,Sonic the Hedgehog 2 (Beta),音速小子2(测试版)
md,Sonic the Hedgehog 2 (JUE) (REV SC02),音速小子2(REV SC02)(日美欧)
md,Sonic the Hedgehog 2 (JUE),音速小子2(日美欧)
md,Sonic the Hedgehog 3 (E),音速小子3(欧)
md,Sonic the Hedgehog 3 (J),音速小子3(日)
md,Sonic the Hedgehog 3 (U),音速小子3(美)
md,Sorcer Kingdom (J),国王的勇士(日)
md,Sorcerer's Kingdom (U) (r00),王国巫师(r00)(美)
md,Sorcerer's Kingdom (U) (r01),王国巫师(r01)(美)
md,Sorcerian (J),
md,Soul Blade (J) (Unl),
md,Space Harrier (32X) (E),太空哈利(32X)(欧)
md,Space Harrier (32X) (JU),太空哈利(32X)(日美)
md,Space Harrier II (J),太空哈利2(日)
md,Space Harrier II (UE),太空哈利2(美欧)
md,Space Invaders 90 (J) [x],太空侵略者90(日)
md,Space Invaders 91 (U),太空侵略者91(美)
md,Space Turtleship (K),太空飞船(韩)
md,Sparkster (E),火箭骑士(欧)
md,Sparkster (JU),火箭骑士(日美)
md,Speedball 2 - Brutal Deluxe (E),快速球2(欧)
md,Speedball 2 - Brutal Deluxe (JU),快速球2(日美)
md,Speedy Gonzales - Cheeze Cat-astrophe (E),猫和老鼠(欧)
md,Spider-Man - The Animated Series (Beta 1),蜘蛛人-钢铁丛林(测试版 1)
md,Spider-Man - The Animated Series (Beta 2),蜘蛛人-钢铁丛林(测试版 2)
md,Spider-Man - The Animated Series (JUE),蜘蛛人-钢铁丛林(日美欧)
md,Spider-Man - Web of Fire (32X) (JUE),蜘蛛人(32x)(日美欧)
md,Spider-Man (UE),蜘蛛人(美欧)
md,Spider-Man and Venom - Maximum Carnage (JUE),蜘蛛人与恶毒-大屠杀(日美欧)
md,Spider-Man and Venom - Separation Anxiety (JUE),蜘蛛人与恶毒-分忧(日美欧)
md,Spider-Man and X-Men - Arcade's Revenge (U),蜘蛛人与X-MEN (美)
md,Spiritual Warfare (U) (Unl),心灵作战(Unl)(美)
md,Spirou (E),丁丁历险记(欧)
md,Splatterhouse 2 (E) [x],鬼屋2(欧)
md,Splatterhouse 2 (U),鬼屋2(美)
md,Splatterhouse 3 (U),鬼屋3(美)
md,Splatterhouse Part 3 (J) [a1],鬼屋3[a1](日)
md,Splatterhouse Part 3 (J),鬼屋3(日)
md,Spot Goes to Hollywood (U) (r01),七喜小子-走进好莱坞(美)
md,Spot Goes to Hollywood (UE) [x],七喜小子-走进好莱坞(美欧)
md,Squirrel King (Ch) (Unl),松鼠大战(Unl)(中)
md,SS Lucifer - Man Overboard! (JUE),魔鬼撒旦(日美欧)
md,Star Control (U) (r03) [a1][x],星际管理(r03)[a1][x](美)
md,Star Control (U) (r03) [x],星际管理(r03)[x](美)
md,Star Cruiser (J),星际巡洋舰(日)
md,Star Trek - Deep Space 9 - Crossroads of Time (E),星舰迷航记-遥远空间(欧)
md,Star Trek - Deep Space 9 - Crossroads of Time (U),星舰迷航记-遥远空间(美)
md,Star Trek - Starfleet Academy Bridge Simulator (32X) (U),星舰迷航记(32X)(美)
md,Star Trek - The Next Generation (U) (r00),星舰迷航记-星际移民(r00)(美)
md,Star Trek - The Next Generation (U) (r01),星舰迷航记-星际移民(r01)(美)
md,Star Wars Arcade (32X) (E),星际战争(32X)(欧)
md,Star Wars Arcade (32X) (J),星际战争(32X)(日)
md,Star Wars Arcade (32X) (JU),星际战争(32X)(日美)
md,Starflight (U) (r00),星际射击(r00)(美)
md,Starflight (U) (r01),星际射击(r01)(美)
md,Stargate (JUE),星际之门(日美欧)
md,"Steel Empire, The (Beta)",钢铁帝国(测试版)
md,"Steel Empire, The (UE)",钢铁帝国(美欧)
md,Steel Talons (JUE) (Jul 1992) [a1],战机-代号钢爪(7月1992)[a1](日美欧)
md,Steel Talons (JUE) (Jul 1992),战机-代号钢爪(7月1992)(日美欧)
md,Steel Talons (JUE) (Jun 1993),战机-代号钢爪(1993)(日美欧)
md,Stellar Assault (32X) (E),
md,Stormlord (J) [a1],暴风领主[a1](日)
md,Stormlord (J),暴风领主(日)
md,Soleil (F),新创世纪(法)
md,Soleil (G),新创世纪(德)
md,Soleil (S),新创世纪(西)
md,Sonic 3D Blast (JUE),音速小子3D(日美欧)
md,Sonic and Knuckles (JUE),音速小子加强版(日美欧)
md,Sonic and Knuckles + Sonic the Hedgehog (JUE),音速小子加强版+音速小子(日美欧)
md,Sonic and Knuckles + Sonic the Hedgehog 2 (JUE),音速小子加强版+音速小子2(日美欧)
md,Sonic and Knuckles + Sonic the Hedgehog 3 (JUE),音速小子加强版+音速小子3(日美欧)
md,Sonic Classics (E),
md,Sonic Classics (U),
md,Sonic Crackers (Beta),
md,Sonic Eraser (J) (Sega Channel),音速方块(日)
md,Sonic Spinball (Beta),音速小子弹珠台(测试版)
md,Sonic Spinball (E),音速小子弹珠台(欧)
md,Sonic Spinball (J),音速小子弹珠台(日)
md,Sonic Spinball (U) [a1],音速小子弹珠台(美)[a1]
md,Sonic Spinball (U),音速小子弹珠台(美)
md,Sonic the Hedgehog (J) (r01),音速小子(日)
md,Sonic the Hedgehog (UE) (r00),音速小子(美欧)
md,Sonic the Hedgehog 2 (Beta),音速小子2(测试版)
md,Sonic the Hedgehog 2 (JUE) (REV SC02),音速小子2(REV SC02)(日美欧)
md,Sonic the Hedgehog 2 (JUE),音速小子2(日美欧)
md,Sonic the Hedgehog 3 (E),音速小子3(欧)
md,Sonic the Hedgehog 3 (J),音速小子3(日)
md,Sonic the Hedgehog 3 (U),音速小子3(美)
md,Sorcer Kingdom (J),国王的勇士(日)
md,Sorcerer's Kingdom (U) (r00),王国巫师(r00)(美)
md,Sorcerer's Kingdom (U) (r01),王国巫师(r01)(美)
md,Sorcerian (J),
md,Soul Blade (J) (Unl),
md,Space Harrier (32X) (E),太空哈利(32X)(欧)
md,Space Harrier (32X) (JU),太空哈利(32X)(日美)
md,Space Harrier II (J),太空哈利2(日)
md,Space Harrier II (UE),太空哈利2(美欧)
md,Space Invaders 90 (J) [x],太空侵略者90(日)
md,Space Invaders 91 (U),太空侵略者91(美)
md,Space Turtleship (K),太空飞船(韩)
md,Sparkster (E),火箭骑士(欧)
md,Sparkster (JU),火箭骑士(日美)
md,Speedball 2 - Brutal Deluxe (E),快速球2(欧)
md,Speedball 2 - Brutal Deluxe (JU),快速球2(日美)
md,Speedy Gonzales - Cheeze Cat-astrophe (E),猫和老鼠(欧)
md,Spider-Man - The Animated Series (Beta 1),蜘蛛人-钢铁丛林(测试版 1)
md,Spider-Man - The Animated Series (Beta 2),蜘蛛人-钢铁丛林(测试版 2)
md,Spider-Man - The Animated Series (JUE),蜘蛛人-钢铁丛林(日美欧)
md,Spider-Man - Web of Fire (32X) (JUE),蜘蛛人(32x)(日美欧)
md,Spider-Man (UE),蜘蛛人(美欧)
md,Spider-Man and Venom - Maximum Carnage (JUE),蜘蛛人与恶毒-大屠杀(日美欧)
md,Spider-Man and Venom - Separation Anxiety (JUE),蜘蛛人与恶毒-分忧(日美欧)
md,Spider-Man and X-Men - Arcade's Revenge (U),蜘蛛人与X-MEN (美)
md,Spiritual Warfare (U) (Unl),心灵作战(Unl)(美)
md,Spirou (E),丁丁历险记(欧)
md,Splatterhouse 2 (E) [x],鬼屋2(欧)
md,Splatterhouse 2 (U),鬼屋2(美)
md,Splatterhouse 3 (U),鬼屋3(美)
md,Splatterhouse Part 3 (J) [a1],鬼屋3[a1](日)
md,Splatterhouse Part 3 (J),鬼屋3(日)
md,Spot Goes to Hollywood (U) (r01),七喜小子-走进好莱坞(美)
md,Spot Goes to Hollywood (UE) [x],七喜小子-走进好莱坞(美欧)
md,Squirrel King (Ch) (Unl),松鼠大战(Unl)(中)
md,SS Lucifer - Man Overboard! (JUE),魔鬼撒旦(日美欧)
md,Star Control (U) (r03) [a1][x],星际管理(r03)[a1][x](美)
md,Star Control (U) (r03) [x],星际管理(r03)[x](美)
md,Star Cruiser (J),星际巡洋舰(日)
md,Star Trek - Deep Space 9 - Crossroads of Time (E),星舰迷航记-遥远空间(欧)
md,Star Trek - Deep Space 9 - Crossroads of Time (U),星舰迷航记-遥远空间(美)
md,Star Trek - Starfleet Academy Bridge Simulator (32X) (U),星舰迷航记(32X)(美)
md,Star Trek - The Next Generation (U) (r00),星舰迷航记-星际移民(r00)(美)
md,Star Trek - The Next Generation (U) (r01),星舰迷航记-星际移民(r01)(美)
md,Star Wars Arcade (32X) (E),星际战争(32X)(欧)
md,Star Wars Arcade (32X) (J),星际战争(32X)(日)
md,Star Wars Arcade (32X) (JU),星际战争(32X)(日美)
md,Starflight (U) (r00),星际射击(r00)(美)
md,Starflight (U) (r01),星际射击(r01)(美)
md,Stargate (JUE),星际之门(日美欧)
md,"Steel Empire, The (Beta)",钢铁帝国(测试版)
md,"Steel Empire, The (UE)",钢铁帝国(美欧)
md,Steel Talons (JUE) (Jul 1992) [a1],战机-代号钢爪(7月1992)[a1](日美欧)
md,Steel Talons (JUE) (Jul 1992),战机-代号钢爪(7月1992)(日美欧)
md,Steel Talons (JUE) (Jun 1993),战机-代号钢爪(1993)(日美欧)
md,Stellar Assault (32X) (E),
md,Stormlord (J) [a1],暴风领主[a1](日)
md,Stormlord (J),暴风领主(日)
md,"Story of Thor, The - A Successor of the Light (E)",光之继承者(欧)
md,"Story of Thor, The - A Successor of the Light (F)",光之继承者(法)
md,"Story of Thor, The - A Successor of the Light (G)",光之继承者(德)
md,"Story of Thor, The - A Successor of the Light (K)",光之继承者(韩)
md,"Story of Thor, The - A Successor of the Light (S)",光之继承者(西)
md,"Story of Thor, The - Hikari wo Tsugumono (J)",光之继承者(日)
md,Street Fighter II' - Special Champion Edition (E),街头霸王2-特别冠军版(欧)
md,Street Fighter II' - Special Champion Edition (U),街头霸王2-特别冠军版(美)
md,Street Fighter II' Plus - Champion Edition (J),街头霸王2-特别冠军加强版(日)
md,Street Racer (E),街头赛车[Q版](欧)
md,Street Smart (JUE),街头快打(日美欧)
md,Streets of Rage (JUE) (r00),怒之铁拳(r00)(日美欧)
md,Streets of Rage (JUE) (r01),怒之铁拳(r01)(日美欧)
md,Streets of Rage 2 (U),怒之铁拳2(美)
md,Streets of Rage 3 (E),怒之铁拳3(欧)
md,Streets of Rage 3 (J),怒之铁拳3(日)
md,Streets of Rage 3 (U),怒之铁拳3(美)
md,Streets of Rage II (JE),怒之铁拳2(日欧)
md,Strider (UE),出击飞龙(美欧)
md,Strider Hiryuu (J),
md,Strider II (E) [x],出击飞龙2(欧)
md,Strider Returns - Journey from Darkness (U),出击飞龙(美)
md,Striker (Beta),打击足球(测试版)
md,Striker (E),打击足球(欧)
md,SubTerrania (Beta 1),旋风战机(测试版 1)
md,SubTerrania (Beta 2),旋风战机(测试版 2)
md,SubTerrania (E),旋风战机(欧)
md,SubTerrania (J),旋风战机(日)
md,SubTerrania (U),旋风战机(美)
md,Summer Challenge (JUE),夏季挑战(日美欧)
md,Sunset Riders (E),落日骑士(欧)
md,Sunset Riders (U),落日骑士(美)
md,Super 12 in 1 (Unl),超级12合1(Unl)
md,Super 15 in 1 (U) [Unl],超级15合1(美)
md,Super Airwolf (J),超级飞狼(日)
md,Super Baseball 2020 (J) (v1,超级棒球2020(日)
md,Super Baseball 2020 (U) (v1,超级棒球2020(美)
md,Super Battleship (U),超级海战(美)
md,Super Battletank - War in the Gulf (U),
md,Super Daisenryaku (J),大战略(日)
md,Super Fantasy Zone (E),超级幻想地带(欧)
md,Super Fantasy Zone (J),超级幻想地带(日)
md,Super H.Q. (J),总部追击2(日)
md,Super Hang-On (J) (r00),超级摩托车(日)
md,Super Hang-On (UE) (r01),超级摩托车(美欧)
md,Super High Impact (UE),美式足球(美欧)
md,Super Hydlide (E),田园(欧)
md,Super Hydlide (J),田园(日)
md,Super Hydlide (U),田园(美)
md,Super Kick Off (JUE),超级足球(日美欧)
md,Super League (J) (Feb 1989),超级棒球89(日)
md,Super League (JUE) (May 1989),超级棒球89(日美欧)
md,Super Monaco Grand Prix (JUE) (M2) (r00),超级摩纳哥赛车(r00)(日美欧)
md,Super Monaco Grand Prix (JUE) (M2) (r01),超级摩纳哥赛车(r01)(日美欧)
md,Super Monaco Grand Prix (JUE) (M2) (r02),超级摩纳哥赛车(r02)(日美欧)
md,Super Monaco Grand Prix (U) (r03),超级摩纳哥赛车(r03)(美)
md,Super Offroad (U),超级足球(美)
md,Super Ping Pong (J),超级乒乓球(日)
md,Super Real Basketball (E),超级实况篮球(欧)
md,Super Real Basketball (JU),超级实况篮球(日美)
md,"Super Shinobi II, The (J) (Beta) [a1]",超级忍2(测试版)[a1](日)
md,"Super Shinobi II, The (J) (Beta)",超级忍2(测试版)(日)
md,"Super Shinobi II, The (J)",超级忍2(日)
md,Super Skidmarks (E) [x],超级火箭车(欧)
md,Super Street Fighter II - The New Challengers (E),超级街头霸王2(欧)
md,Super Street Fighter II - The New Challengers (J),超级街头霸王2(日)
md,Super Street Fighter II - The New Challengers (U),超级街头霸王2(美)
md,Super Thunder Blade (J),超级直升机(日)
md,Super Thunder Blade (UE),超级直升机(美欧)
md,Super Volleyball (J) [x],超级排球(日)
md,Super Volleyball (U) [a1],超级排球[a1](美)
md,Super Volleyball (U),超级排球(美)
md,Superman (Beta),超人(测试版)
md,Superman (E),超人(欧)
md,Superman (U),超人(美)
md,Surging Aura (J),光之冲击(日)
md,Sword of Sodan (J),原始之剑(日)
md,Sword of Sodan (U),原始之剑(美)
md,Sword of Vermilion (U),石中剑(美)
md,Syd of Valis (U),
md,Sylvester and Tweety in Cagey Capers (Beta),崔弟与大笨猫(测试版)
md,Sylvester and Tweety in Cagey Capers (JUE),崔弟与大笨猫(日美欧)
md,Syndicate (JUE),企业联合组织(日美欧)
md,Ultimate Mortal Kombat 3 (U),终级真人快打3(美)
md,Ultimate Qix (JUE),最终Qix(日美欧)
md,Ultimate Soccer (E),最终足球(欧)
md,Ultraman - Kuusou Tokusatsu Series (J),奥特曼(日)
md,Uncharted Waters - New Horizons (U),大航海时代2(美)
md,Uncharted Waters (U),大航海时代1(美)
md,Undead Line (J),捉虫英雄(日)
md,Universal Soldier (U),宇宙士兵(美)
md,Unnecessary Roughness 95 (JUE),橄榄球95(日美欧)
md,Urban Strike (JUE),都市攻击(日美(美)
md,V.R Fighter vs Taken2 (Unl),VR战士对铁拳2(Unl)
md,Valis (U),校园女战士(美)
md,Valis III (J),校园女战士3(日)
md,Valis III (U),校园女战士(美)
md,Valis SD (J),校园女战士Q版(日)
md,Vapor Trail - Hyper Offence Formation (U),空牙(美)
md,Vectorman (Beta),粒子斗士(测试版)
md,Vectorman (JUE) (Prototype),粒子斗士(日美欧)(工程版)
md,Vectorman (JUE),粒子斗士(日美欧)
md,Vectorman 2 (JUE) (Prototype),粒子斗士2(日美欧)(工程版)
md,Vectorman 2 (JUE),粒子斗士2(日美欧)
md,Vermilion (J),
md,Verytex (J),空牙(日)
md,Viewpoint (Beta),观察点(测试版)
md,Viewpoint (U),观察点(美)
md,Virtua Fighter (32X) (E).32x,VR战士-32X(欧)
md,Virtua Fighter (32X) (JU).32x,VR战士-32X(日美)
md,Virtua Fighter 2 (JUE),VR战士2(日美欧)
md,Virtua Racing Deluxe (32X) (E).32x,VR赛车-32X(欧)
md,Virtua Racing Deluxe (32X) (U).32x,VR赛车-32X(美)
md,Virtual Bart (JUE),
md,Virtual Pinball (JUE),虚拟弹球(日美欧)
md,Vixen 357 (J),机甲神兵(日)
md,Volfied (JUE),画线(日美欧)
md,VR Troopers (UE),VR格斗(美欧)
md,V-V (J),
md,XDR - X-Dazedly-Ray (J),强袭战机(日)
md,Xenon 2 Megablast (E),氙星战机(欧)
md,Xin Qi Gai Wang Zi (Ch) (Unl) [x],新乞丐王子(Unl)[x](中)
md,Xin Qi Gai Wang Zi (Ch) (Unl) [x][a1],新乞丐王子(Unl)[x][a1](中)
md,X-Men (E) X-MEN(,欧)
md,X-Men (U) X-MEN(,美)
md,X-Men 2 - Clone Wars (JUE) X-MEN2(,日美欧)
md,X-perts (UE),X任务(美欧)
md,"Yang Warrior Family, The (Ch) (Unl) [x]",杨家将(中)
md,Ya-Se Chuan Shuo (Ch) (Unl) [x],亚瑟传说(中)
md,Yogi Bear's Cartoon Capers (E),瑜加熊(欧)
md,"Young Indiana Jones Chronicles, The (U)",年轻印第安那琼斯-年代记(美)
md,Ys - Wanderers from Ys (J),伊苏国3(日)
md,Ys - Wanderers from Ys (U),伊苏国3(美)
md,Yuu Yuu Hakusho - Makyou Toitsusen (J),幽游白书-魔强统一战(日)
md,Yuu Yuu Hakusho Gaiden (J),幽游白书外传 (日)
md,Zan - Yasha Enbukyoku (J),斩-夜叉圆舞曲(日)
md,Zany Golf (U) (r00),滑稽高尔夫(r00)(美)
md,Zany Golf (U) (r01),滑稽高尔夫(r01)(美)
md,Zaxxon's Motherbase 2000 (32X) (JU).32x,
md,Zero the Kamikaze Squirrel (E),飞天蝙蝠ZERO(欧)
md,Zero the Kamikaze Squirrel (U),飞天蝙蝠ZERO(美)
md,Zero Tolerance (JUE),零号特警(日美欧)
md,Zero Wing (E),零翼战机(欧)
md,Zero Wing (J),零翼战机(日)
md,Zombie High (U) (Prototype),僵尸邻居(美)(工程版)
md,Zombies (E),僵尸邻居(美)
md,Zombies Ate My Neighbors (U),真宝珠小子(欧)
md,Zool (E),真宝珠小子(美)
md,Zool (U),急速上升(日美)
md,Zoom! (JU),趣味方块(欧)
md,Zoop (E),趣味方块(美)
md,Zoop (U),
