system,game_id,game_name,ch_name,img
pcecd,PCECD#1,1552 Tenka Tairan (Japan),1552天下大乱 （日版）,https://data.yang2000ling.com/img/pcecd_200/PCECD1.jpg
pcecd,PCECD#2,3x3 Eyes - Sanjiyan Henjou (Japan),三只眼 （日版）,https://data.yang2000ling.com/img/pcecd_200/PCECD2.jpg
pcecd,PCECD#3,3x3 Eyes - Sanjiyan Henjou (Japan) (Rev 1),三只眼 （日版） （修正版 1）,https://data.yang2000ling.com/img/pcecd_200/PCECD2.jpg
pcecd,PCECD#4,A.III. - A Ressha de Ikou III (Japan),A列车 3 （日版）,https://data.yang2000ling.com/img/pcecd_200/PCECD4.jpg
pcecd,PCECD#5,"Addams Family, The (USA)",亚当斯一家 （美版）,https://data.yang2000ling.com/img/pcecd_200/PCECD5.jpg
pcecd,PCECD#6,Advanced V.G. (Japan),少女格斗战 （日版）,https://data.yang2000ling.com/img/pcecd_200/PCECD6.jpg
pcecd,PCECD#7,Adventure Quiz - Capcom World + Hatena no Daibouken (Japan),卡普空冒险问答 （日版）,https://data.yang2000ling.com/img/pcecd_200/PCECD7.jpg
pcecd,PCECD#8,Ai Chou Aniki (Japan) (SADS),爱·超兄贵 （日版） (SADS),https://data.yang2000ling.com/img/pcecd_200/PCECD8.jpg
pcecd,PCECD#9,"Akumajou Dracula X - Chi no Rondo (Japan) (FABT, FACT)","恶魔城X 血之轮回 （日版） (FABT, FACT)",https://data.yang2000ling.com/img/pcecd_200/PCECD9.jpg
pcecd,PCECD#10,Alnam no Kiba - Juuzoku Juuni Shinto Densetsu (Japan) (FAAT),阿尔拉姆的獠牙 ～獣族十二神徒伝説～ （日版） (FAAT),https://data.yang2000ling.com/img/pcecd_200/PCECD10.jpg
pcecd,PCECD#11,Alnam no Kiba - Juuzoku Juuni Shinto Densetsu (Japan) (FABT),阿尔拉姆的獠牙 ～獣族十二神徒伝説～ （日版） (FABT),https://data.yang2000ling.com/img/pcecd_200/PCECD10.jpg
pcecd,PCECD#12,Alshark (Japan),星际怒涛 （日版）,https://data.yang2000ling.com/img/pcecd_200/PCECD12.jpg
pcecd,PCECD#13,Ane-san (Japan),姐 （日版）,https://data.yang2000ling.com/img/pcecd_200/PCECD13.jpg
pcecd,PCECD#14,Aoki Ookami to Shiroki Mejika - Genchou Hishi (Japan),元朝秘史 苍狼与白鹿 （日版）,https://data.yang2000ling.com/img/pcecd_200/PCECD14.jpg
pcecd,PCECD#15,Asuka 120% Maxima - Burning Fest. Maxima (Japan),鸟120%-燃烧的学园祭 （日版）,https://data.yang2000ling.com/img/pcecd_200/PCECD15.jpg
pcecd,PCECD#16,"Atlas, The - Renaissance Voyager (Japan)",佛罗伦斯航海者 （日版）,https://data.yang2000ling.com/img/pcecd_200/PCECD16.jpg
pcecd,PCECD#17,Aurora Quest - Otaku no Seiza in Another World (Japan),極光任務 - 遙遠的星座 （日版）,https://data.yang2000ling.com/img/pcecd_200/PCECD17.jpg
pcecd,PCECD#18,AV Tanjou (Japan) (Unl),AV 诞生 （日版） （非官方版）,https://data.yang2000ling.com/img/pcecd_200/PCECD18.jpg
pcecd,PCECD#19,AV Tanjou (Japan) (Unl) (Alt 1),AV 诞生 （日版） （非官方版） (Alt 1),https://data.yang2000ling.com/img/pcecd_200/PCECD18.jpg
pcecd,PCECD#20,AV Tanjou (Japan) (Unl) (Alt 2),AV 诞生 （日版） （非官方版） (Alt 2),https://data.yang2000ling.com/img/pcecd_200/PCECD18.jpg
pcecd,PCECD#21,Avenger (Japan),复仇者 （日版）,https://data.yang2000ling.com/img/pcecd_200/PCECD21.jpg
pcecd,PCECD#22,Babel (Japan),通天塔 （日版）,https://data.yang2000ling.com/img/pcecd_200/PCECD22.jpg
pcecd,PCECD#23,Baby Jo - The Super Hero (Japan),宝贝乔-超级英雄 （日版）,https://data.yang2000ling.com/img/pcecd_200/PCECD23.jpg
pcecd,PCECD#24,Bakuden - Unbalance Zone (Japan),爆传 不平衡地区 （日版）,https://data.yang2000ling.com/img/pcecd_200/PCECD24.jpg
pcecd,PCECD#25,Bakushou Yoshimoto Shinkigeki (Japan) (FABT),爆笑吉本新喜劇 （日版） (FABT),https://data.yang2000ling.com/img/pcecd_200/PCECD25.jpg
pcecd,PCECD#26,Basted (Japan),魔幻密宝 （日版）,https://data.yang2000ling.com/img/pcecd_200/PCECD26.jpg
pcecd,PCECD#27,Battle Shanghai - Dragon's Eye ~ Shanghai III - Dragon's Eye (Japan),上海3 龙之眼 （日版）,https://data.yang2000ling.com/img/pcecd_200/PCECD27.jpg
pcecd,PCECD#28,Bazar de Gozarre no Game de Gozarre (Japan),在观众席上的游戏中登场 （日版）,https://data.yang2000ling.com/img/pcecd_200/PCECD28.jpg
pcecd,PCECD#29,Beyond Shadowgate (USA),暗影之门 （美版）,https://data.yang2000ling.com/img/pcecd_200/PCECD29.jpg
pcecd,PCECD#30,Bikkuriman Daijikai (Japan),神奇大事界 （日版）,https://data.yang2000ling.com/img/pcecd_200/PCECD30.jpg
pcecd,PCECD#31,Bishoujo Janshi Idol Pai (Japan) (Unl),美少女雀士偶像派 （日版） （非官方版）,https://data.yang2000ling.com/img/pcecd_200/PCECD31.jpg
pcecd,PCECD#32,Bishoujo Senshi Sailor Moon (Japan),美少女战士 （日版）,https://data.yang2000ling.com/img/pcecd_200/PCECD32.jpg
pcecd,PCECD#33,Bishoujo Senshi Sailor Moon Collection (Japan),美少女战士合集 （日版）,https://data.yang2000ling.com/img/pcecd_200/PCECD33.jpg
pcecd,PCECD#34,Black Hole Assault (Japan),黑洞救援 （日版）,https://data.yang2000ling.com/img/pcecd_200/PCECD34.jpg
pcecd,PCECD#35,Blood Gear (Japan),血钢齿轮 （日版）,https://data.yang2000ling.com/img/pcecd_200/PCECD35.jpg
pcecd,PCECD#36,Bomberman '94 (Japan) (Demo),炸弹人94 （日版） （演示版）,https://data.yang2000ling.com/img/pcecd_200/PCECD36.jpg
pcecd,PCECD#37,Bomberman - Panic Bomber (Japan) (FAAT),炸弹人方块 （日版） (FAAT),https://data.yang2000ling.com/img/pcecd_200/PCECD37.jpg
pcecd,PCECD#38,Bomberman - Panic Bomber (Japan) (FABT),炸弹人方块 （日版） (FABT),https://data.yang2000ling.com/img/pcecd_200/PCECD37.jpg
pcecd,PCECD#39,Bonanza Bros. (Japan),神偷拍档 （日版）,https://data.yang2000ling.com/img/pcecd_200/PCECD39.jpg
pcecd,PCECD#40,Bonk III - Bonk's Big Adventure (USA),PC原人3 邦克的大冒险 （美版）,https://data.yang2000ling.com/img/pcecd_200/PCECD40.jpg
pcecd,PCECD#41,Brandish (Japan),魔女逗勇者 （日版）,https://data.yang2000ling.com/img/pcecd_200/PCECD41.jpg
pcecd,PCECD#42,Browning (Japan),布朗宁 （日版）,https://data.yang2000ling.com/img/pcecd_200/PCECD42.jpg
pcecd,PCECD#43,BuilderLand - The Story of Melba (Japan),建造者之地 梅尔巴的故事 （日版）,https://data.yang2000ling.com/img/pcecd_200/PCECD43.jpg
pcecd,PCECD#44,Burai - Yatsudama no Yuushi Densetsu (Japan),Burai 八玉勇士伝説 （日版）,https://data.yang2000ling.com/img/pcecd_200/PCECD44.jpg
pcecd,PCECD#45,Burai II - Yami Koutei no Gyakushuu (Japan),Burai2 闇皇帝的逆襲 （日版）,https://data.yang2000ling.com/img/pcecd_200/PCECD45.jpg
pcecd,PCECD#46,Buster Bros. (USA),泡泡兄弟 （美版）,https://data.yang2000ling.com/img/pcecd_200/PCECD46.jpg
pcecd,PCECD#47,CAL II (Japan),,https://data.yang2000ling.com/img/pcecd_200/PCECD47.jpg
pcecd,PCECD#48,CAL II (Japan) (Alt),,https://data.yang2000ling.com/img/pcecd_200/PCECD47.jpg
pcecd,PCECD#49,CAL III - Kanketsu-hen (Japan),CAL III 完结篇 （日版）,https://data.yang2000ling.com/img/pcecd_200/PCECD49.jpg
pcecd,PCECD#50,Camp California (USA),加州营地 （美版）,https://data.yang2000ling.com/img/pcecd_200/PCECD50.jpg
pcecd,PCECD#51,Campaign Version - Daisenryaku II (Japan),大战略2 （日版）,https://data.yang2000ling.com/img/pcecd_200/PCECD51.jpg
pcecd,PCECD#52,Cardangels (Japan),卡牌天使 （日版）,https://data.yang2000ling.com/img/pcecd_200/PCECD52.jpg
pcecd,PCECD#53,CD Battle - Hikari no Yuusha-tachi (Japan),CD 战斗 - 光之勇者们 （日版）,https://data.yang2000ling.com/img/pcecd_200/PCECD53.jpg
pcecd,PCECD#54,CD Bishoujo Pachinko - Kyuuma Yon Shimai (Japan) (Unl),CD美少女弹子球～球魔四姐妹 （日版） （非官方版）,https://data.yang2000ling.com/img/pcecd_200/PCECD54.jpg
pcecd,PCECD#55,CD Denjin - Rockabilly Tengoku (Japan),CD电人～乡村摇滚乐天国 （日版）,https://data.yang2000ling.com/img/pcecd_200/PCECD55.jpg
pcecd,PCECD#56,CD Hanafuda - Bishoujo Fan Club (Japan) (Unl),CD花札 美少女粉丝俱乐部 （日版） （非官方版）,https://data.yang2000ling.com/img/pcecd_200/PCECD56.jpg
pcecd,PCECD#57,CD Mahjong - Bishoujo Chuushinha (Japan) (Unl),CD麻将 美少女中心派 （日版） （非官方版）,https://data.yang2000ling.com/img/pcecd_200/PCECD57.jpg
pcecd,PCECD#58,CD Pachi-Slot - Bishoujo Gambler (Japan) (Unl),CD柏青哥 美少女赌徒 （日版） （非官方版）,https://data.yang2000ling.com/img/pcecd_200/PCECD58.jpg
pcecd,PCECD#59,Chiki Chiki Boys (Japan),双麒儿 （日版）,https://data.yang2000ling.com/img/pcecd_200/PCECD59.jpg
pcecd,PCECD#60,"Chou Aniki (Japan) (FAAT, FACT)","超兄贵 （日版） (FAAT, FACT)",https://data.yang2000ling.com/img/pcecd_200/PCECD60.jpg
pcecd,PCECD#61,Chou Eiyuu Densetsu - Dynastic Hero (Japan),超英雄伝説 王朝的英雄 （日版）,https://data.yang2000ling.com/img/pcecd_200/PCECD61.jpg
pcecd,PCECD#62,Chou Jikuu Yousai Macross - Eien no Love Song (Japan),超时空要塞 永恒的爱 （日版）,https://data.yang2000ling.com/img/pcecd_200/PCECD62.jpg
pcecd,PCECD#63,Chou Jikuu Yousai Macross 2036 (Japan),超时空要塞 2036 （日版）,https://data.yang2000ling.com/img/pcecd_200/PCECD63.jpg
pcecd,PCECD#64,Color Wars (Japan),色彩战争 （日版）,https://data.yang2000ling.com/img/pcecd_200/PCECD64.jpg
pcecd,PCECD#65,Cosmic Fantasy - Bouken Shounen Yuu (Japan),宇宙幻想 冒险少年尤 （日版）,https://data.yang2000ling.com/img/pcecd_200/PCECD65.jpg
pcecd,PCECD#66,Cosmic Fantasy - Bouken Shounen Yuu (Japan) (Alt 1),宇宙幻想 冒险少年尤 （日版） (Alt 1),https://data.yang2000ling.com/img/pcecd_200/PCECD65.jpg
pcecd,PCECD#67,Cosmic Fantasy - Bouken Shounen Yuu (Japan) (Alt 2),宇宙幻想 冒险少年尤 （日版） (Alt 2),https://data.yang2000ling.com/img/pcecd_200/PCECD65.jpg
pcecd,PCECD#68,Cosmic Fantasy 2 (USA),宇宙幻想2 （美版）,https://data.yang2000ling.com/img/pcecd_200/PCECD68.jpg
pcecd,PCECD#69,Cosmic Fantasy 2 - Bouken Shounen Ban (Japan),宇宙幻想3 冒险少年斑 （日版）,https://data.yang2000ling.com/img/pcecd_200/PCECD69.jpg
pcecd,PCECD#70,Cosmic Fantasy 3 - Bouken Shounen Rei (Japan),宇宙幻想3 冒险少年雷 （日版）,https://data.yang2000ling.com/img/pcecd_200/PCECD70.jpg
pcecd,PCECD#71,Cosmic Fantasy 4 - Ginga Shounen Densetsu - Gekitou-hen (Japan),宇宙幻想4 银河少年传说 激斗篇 （日版）,https://data.yang2000ling.com/img/pcecd_200/PCECD71.jpg
pcecd,PCECD#72,Cosmic Fantasy 4 - Ginga Shounen Densetsu - Totsunyuu-hen (Japan),宇宙幻想4 银河少年传说 突入篇 （日版）,https://data.yang2000ling.com/img/pcecd_200/PCECD72.jpg
pcecd,PCECD#73,Cyber City Oedo 808 - Kemono no Alignment (Japan),机动刑事808 兽的属性 （日版）,https://data.yang2000ling.com/img/pcecd_200/PCECD73.jpg
pcecd,PCECD#74,Daisenpuu Custom (Japan),大旋风 （日版）,https://data.yang2000ling.com/img/pcecd_200/PCECD74.jpg
pcecd,PCECD#75,"Davis Cup Tennis, The (Japan)",戴维斯杯网球赛 （日版）,https://data.yang2000ling.com/img/pcecd_200/PCECD75.jpg
pcecd,PCECD#76,De-Ja (Japan),,https://data.yang2000ling.com/img/pcecd_200/PCECD76.jpg
pcecd,PCECD#77,Dead of the Brain 1&2 (Japan),脑死者1+2 （日版）,https://data.yang2000ling.com/img/pcecd_200/PCECD77.jpg
pcecd,PCECD#78,Death Bringer - The Knight of Darkness (Japan),死亡使者 黑暗骑士 （日版）,https://data.yang2000ling.com/img/pcecd_200/PCECD78.jpg
pcecd,PCECD#79,Dekoboko Densetsu - Hashiru Wagamanmaa (Japan),人偶传说 任性地奔跑 （日版）,https://data.yang2000ling.com/img/pcecd_200/PCECD79.jpg
pcecd,PCECD#80,Dennou Tenshi - Digital Ange (Japan),电脑天使 （日版）,https://data.yang2000ling.com/img/pcecd_200/PCECD80.jpg
pcecd,PCECD#81,Develo - Starter Kit - Assembler-hen (Japan),Develo 初学者 汇编篇 （日版）,https://data.yang2000ling.com/img/pcecd_200/PCECD81.jpg
pcecd,PCECD#82,Develo - Starter Kit - BASIC-hen (Japan),Develo 初学者 BASIC篇 （日版）,https://data.yang2000ling.com/img/pcecd_200/PCECD82.jpg
pcecd,PCECD#83,Develo Magazine Vol. 1 (Japan),Develo 杂志 vol.1 （日版）,https://data.yang2000ling.com/img/pcecd_200/PCECD.jpg
pcecd,PCECD#84,Doraemon - Nobita no Dorabian Night (Japan),哆啦A梦 大雄的天方夜谭 （日版）,https://data.yang2000ling.com/img/pcecd_200/PCECD84.jpg
pcecd,PCECD#85,Double Dragon II - The Revenge (Japan),双截龙2 复仇 （日版）,https://data.yang2000ling.com/img/pcecd_200/PCECD85.jpg
pcecd,PCECD#86,Doukyuusei (Japan) (Rev 3),同级生 （日版） （修正版 3）,https://data.yang2000ling.com/img/pcecd_200/PCECD86.jpg
pcecd,PCECD#87,Doukyuusei (Japan) (Rev 3) (Alt 1),同级生 （日版） （修正版 3） (Alt 1),https://data.yang2000ling.com/img/pcecd_200/PCECD86.jpg
pcecd,PCECD#88,Doukyuusei (Japan) (Rev 3) (Alt 2),同级生 （日版） （修正版 3） (Alt 2),https://data.yang2000ling.com/img/pcecd_200/PCECD86.jpg
pcecd,PCECD#89,Doukyuusei (Japan) (Rev 4),同级生 （日版） （修正版 4）,https://data.yang2000ling.com/img/pcecd_200/PCECD86.jpg
pcecd,PCECD#90,Down Load 2 (Japan),下载2 （日版）,https://data.yang2000ling.com/img/pcecd_200/PCECD90.jpg
pcecd,PCECD#91,Downtown Nekketsu Koushinkyoku - Soreyuke Daiundoukai (Japan),热血进行曲 （日版）,https://data.yang2000ling.com/img/pcecd_200/PCECD91.jpg
pcecd,PCECD#92,Downtown Nekketsu Monogatari (Japan),热血物语 （日版）,https://data.yang2000ling.com/img/pcecd_200/PCECD92.jpg
pcecd,PCECD#93,Dragon Ball Z - Idainaru Son Gokuu Densetsu (Japan) (FABT),龙珠Z 伟大的悟空传说 （日版） (FABT),https://data.yang2000ling.com/img/pcecd_200/PCECD93.jpg
pcecd,PCECD#94,Dragon Half (Japan),半龍少女 （日版）,https://data.yang2000ling.com/img/pcecd_200/PCECD94.jpg
pcecd,PCECD#95,Dragon Knight & Graffiti (Japan),龙骑士 （日版）,https://data.yang2000ling.com/img/pcecd_200/PCECD95.jpg
pcecd,PCECD#96,Dragon Knight II (Japan),龙骑士2 （日版）,https://data.yang2000ling.com/img/pcecd_200/PCECD96.jpg
pcecd,PCECD#97,Dragon Knight III (Japan),龙骑士3 （日版）,https://data.yang2000ling.com/img/pcecd_200/PCECD97.jpg
pcecd,PCECD#98,Dragon Slayer - The Legend of Heroes (Japan),英雄传说 （日版）,https://data.yang2000ling.com/img/pcecd_200/PCECD99.jpg
pcecd,PCECD#99,Dragon Slayer - The Legend of Heroes (USA),英雄传说 （美版）,https://data.yang2000ling.com/img/pcecd_200/PCECD99.jpg
pcecd,PCECD#100,Dragon Slayer - The Legend of Heroes II (Japan),英雄传说2 （日版）,https://data.yang2000ling.com/img/pcecd_200/PCECD100.jpg
pcecd,PCECD#101,Dungeon Explorer II (Japan),地牢探索2 （日版）,https://data.yang2000ling.com/img/pcecd_200/PCECD101.jpg
pcecd,PCECD#102,Dungeon Explorer II (USA),地牢探索2 （美版）,https://data.yang2000ling.com/img/pcecd_200/PCECD102.jpg
pcecd,PCECD#103,Dungeon Master - Theron's Quest (Japan),地牢大师-塞隆之旅 （日版）,https://data.yang2000ling.com/img/pcecd_200/PCECD104.jpg
pcecd,PCECD#104,Dungeon Master - Theron's Quest (USA),地牢大师-塞隆之旅 （美版）,https://data.yang2000ling.com/img/pcecd_200/PCECD104.jpg
pcecd,PCECD#105,Duo Comic - Bakuretsu Hunter (Japan),暴走猎人 （日版）,https://data.yang2000ling.com/img/pcecd_200/PCECD105.jpg
pcecd,PCECD#106,"Dynastic Hero, The (USA)",超英雄伝説 王朝的英雄 （美版）,https://data.yang2000ling.com/img/pcecd_200/PCECD61.jpg
pcecd,PCECD#107,Efera & Jiliora - The Emblem from Darkness (Japan),暗黑戰記 （日版）,https://data.yang2000ling.com/img/pcecd_200/PCECD107.jpg
pcecd,PCECD#108,Eikan wa Kimi ni - Koukou Yakyuu Zenkoku Taikai (Japan),光荣归于你～高中棒球全国大会 （日版）,https://data.yang2000ling.com/img/pcecd_200/PCECD108.jpg
pcecd,PCECD#109,Eiyuu Sangokushi (Japan),英雄三国志 （日版）,https://data.yang2000ling.com/img/pcecd_200/PCECD109.jpg
pcecd,PCECD#110,Emerald Dragon (Japan),翡翠龙 （日版）,https://data.yang2000ling.com/img/pcecd_200/PCECD110.jpg
pcecd,PCECD#111,Emerald Dragon (Japan) (Demo),翡翠龙 （日版） （演示版）,https://data.yang2000ling.com/img/pcecd_200/PCECD110.jpg
pcecd,PCECD#112,Emerald Dragon (Japan) (Rev 1),翡翠龙 （日版） （修正版 1）,https://data.yang2000ling.com/img/pcecd_200/PCECD110.jpg
pcecd,PCECD#113,Exile (USA),流放 （美版）,https://data.yang2000ling.com/img/pcecd_200/PCECD113.jpg
pcecd,PCECD#114,Exile - Toki no Hasama e (Japan),流放 时之狭间 （日版）,https://data.yang2000ling.com/img/pcecd_200/PCECD114.jpg
pcecd,PCECD#115,Exile - Wicked Phenomenon (USA),流放 邪念的事象 （美版）,https://data.yang2000ling.com/img/pcecd_200/PCECD115.jpg
pcecd,PCECD#116,Exile II - Janen no Jishou (Japan),流放2 邪念的事象 （日版）,https://data.yang2000ling.com/img/pcecd_200/PCECD116.jpg
pcecd,PCECD#117,"F1 Circus Special - Pole to Win (Japan) (FAAT, FACT)","F1竞技场特别版 （日版） (FAAT, FACT)",https://data.yang2000ling.com/img/pcecd_200/PCECD117.jpg
pcecd,PCECD#118,F1 Circus Special - Pole to Win (Japan) (FABT),F1竞技场特别版 （日版） (FABT),https://data.yang2000ling.com/img/pcecd_200/PCECD117.jpg
pcecd,PCECD#119,F1 Team Simulation - Project F (Japan),F1车队模拟 （日版）,https://data.yang2000ling.com/img/pcecd_200/PCECD119.jpg
pcecd,PCECD#120,Faceball (Japan),脸球 （日版）,https://data.yang2000ling.com/img/pcecd_200/PCECD120.jpg
pcecd,PCECD#121,Faceball (Japan) (Demo),脸球 （日版） （演示版）,https://data.yang2000ling.com/img/pcecd_200/PCECD120.jpg
pcecd,PCECD#122,Faerie Dust Story - Meikyuu no Elfeene (Japan),迷宫的精灵 （日版）,https://data.yang2000ling.com/img/pcecd_200/PCECD122.jpg
pcecd,PCECD#123,"Fantastic Night Dreams - Cotton (Japan) (En,Ja)","棉花小魔女 （日版） (En,Ja)",https://data.yang2000ling.com/img/pcecd_200/PCECD124.jpg
pcecd,PCECD#124,Fantastic Night Dreams - Cotton (USA),棉花小魔女 （美版）,https://data.yang2000ling.com/img/pcecd_200/PCECD124.jpg
pcecd,PCECD#125,Far East of Eden - Tengai Makyou - Fuun Kabuki-den (Japan),天外魔境 风云歌舞伎传 （日版）,https://data.yang2000ling.com/img/pcecd_200/PCECD126.jpg
pcecd,PCECD#126,Far East of Eden - Tengai Makyou - Fuun Kabuki-den (Japan) (Demo),天外魔境 风云歌舞伎传 （日版） （演示版）,https://data.yang2000ling.com/img/pcecd_200/PCECD126.jpg
pcecd,PCECD#127,Far East of Eden - Tengai Makyou - Ziria (Japan) (Hibaihin),天外魔境 自来也 （日版） (Hibaihin),https://data.yang2000ling.com/img/pcecd_200/PCECD127.jpg
pcecd,PCECD#128,Far East of Eden - Tengai Makyou - Ziria (Japan) (Rev 6),天外魔境 自来也 （日版） （修正版 6）,https://data.yang2000ling.com/img/pcecd_200/PCECD127.jpg
pcecd,PCECD#129,Far East of Eden - Tengai Makyou - Ziria (Japan) (Rev 7),天外魔境 自来也 （日版） （修正版 7）,https://data.yang2000ling.com/img/pcecd_200/PCECD127.jpg
pcecd,PCECD#130,Far East of Eden - Tengai Makyou II - Manji Maru (Japan),天外魔境2 万字丸 （日版）,https://data.yang2000ling.com/img/pcecd_200/PCECD130.jpg
pcecd,PCECD#131,Farjius no Jakoutei - Neo Metal Fantasy (Japan),法斯安斯的邪皇帝 （日版）,https://data.yang2000ling.com/img/pcecd_200/PCECD131.jpg
pcecd,PCECD#132,Farjius no Jakoutei - Neo Metal Fantasy (Japan) (Rev 1),法斯安斯的邪皇帝 （日版） （修正版 1）,https://data.yang2000ling.com/img/pcecd_200/PCECD131.jpg
pcecd,PCECD#133,Faussete Amour (Japan),虚假的爱 （日版）,https://data.yang2000ling.com/img/pcecd_200/PCECD133.jpg
pcecd,PCECD#134,Fiend Hunter (Japan),邪鬼猎人 （日版）,https://data.yang2000ling.com/img/pcecd_200/PCECD134.jpg
pcecd,PCECD#135,Fighting Street (Japan) (Rev 4),快打旋風 （日版） （修正版 4）,https://data.yang2000ling.com/img/pcecd_200/PCECD137.jpg
pcecd,PCECD#136,Fighting Street (Japan) (Rev 5),快打旋風 （日版） （修正版 5）,https://data.yang2000ling.com/img/pcecd_200/PCECD137.jpg
pcecd,PCECD#137,Fighting Street (USA),快打旋風 （美版）,https://data.yang2000ling.com/img/pcecd_200/PCECD137.jpg
pcecd,PCECD#138,Final Zone II (Japan),最终战区2 （日版）,https://data.yang2000ling.com/img/pcecd_200/PCECD139.jpg
pcecd,PCECD#139,Final Zone II (USA),最终战区2 （美版）,https://data.yang2000ling.com/img/pcecd_200/PCECD138.jpg
pcecd,PCECD#140,Flash Hiders (Japan),闪光的躲避者 （日版）,https://data.yang2000ling.com/img/pcecd_200/PCECD140.jpg
pcecd,PCECD#141,Forgotten Worlds (Japan),失落的世界 （日版）,https://data.yang2000ling.com/img/pcecd_200/PCECD141.jpg
pcecd,PCECD#142,"Forgotten Worlds (USA) (En,Ja)","失落的世界 （美版） (En,Ja)",https://data.yang2000ling.com/img/pcecd_200/PCECD142.jpg
pcecd,PCECD#143,Formation Soccer 95 della Serie A (Japan),意甲足球 95 （日版）,https://data.yang2000ling.com/img/pcecd_200/PCECD143.jpg
pcecd,PCECD#144,Fushigi no Umi no Nadia - The Secret of Blue Water (Japan),蓝宝石之谜 （日版）,https://data.yang2000ling.com/img/pcecd_200/PCECD144.jpg
pcecd,PCECD#145,FX Unit Yuki - The Henshin Engine (USA) (Unl) (Rerelease),FX Unit 雪 （美版） （非官方版） (Rerelease),https://data.yang2000ling.com/img/pcecd_200/PCECD145.jpg
pcecd,PCECD#146,Gain Ground SX (Japan),大地槍聲 SX （日版）,https://data.yang2000ling.com/img/pcecd_200/PCECD146.jpg
pcecd,PCECD#147,Galaxy Deka Gayvan (Japan),银河刑警Gayvan （日版）,https://data.yang2000ling.com/img/pcecd_200/PCECD147.jpg
pcecd,PCECD#148,Garou Densetsu 2 - Aratanaru Tatakai (Japan) (Demo) (SABS),饿狼传说2 新的挑战者 （日版） （演示版） (SABS),https://data.yang2000ling.com/img/pcecd_200/PCECD148.jpg
pcecd,PCECD#149,"Garou Densetsu 2 - Aratanaru Tatakai (Japan) (FABT, FAET, FAFT)","饿狼传说2 新的挑战者 （日版） (FABT, FAET, FAFT)",https://data.yang2000ling.com/img/pcecd_200/PCECD148.jpg
pcecd,PCECD#150,Garou Densetsu Special (Japan) (Demo),饿狼传说 特别版 （日版） （演示版）,https://data.yang2000ling.com/img/pcecd_200/PCECD150.jpg
pcecd,PCECD#151,Garou Densetsu Special (Japan) (FABT),饿狼传说 特别版 （日版） (FABT),https://data.yang2000ling.com/img/pcecd_200/PCECD150.jpg
pcecd,PCECD#152,"Gate of Thunder (Japan) (FACT, FADT)","雷霆之门 （日版） (FACT, FADT)",https://data.yang2000ling.com/img/pcecd_200/PCECD152.jpg
pcecd,PCECD#153,Gate of Thunder + Bonk's Adventure + Bonk's Revenge (USA),雷霆之门+PC原人大冒险+PC原人2 （美版）,https://data.yang2000ling.com/img/pcecd_200/PCECD153.jpg
pcecd,PCECD#154,Genocide (Japan),大屠杀 （日版）,https://data.yang2000ling.com/img/pcecd_200/PCECD154.jpg
pcecd,PCECD#155,Gensou Tairiku Auleria (Japan),幻苍大陆 （日版）,https://data.yang2000ling.com/img/pcecd_200/PCECD155.jpg
pcecd,PCECD#156,Ginga Fukei Densetsu Sapphire (Japan),银河妇警传说 （日版）,https://data.yang2000ling.com/img/pcecd_200/PCECD156.jpg
pcecd,PCECD#157,Ginga Fukei Densetsu Sapphire (Japan) (Reprint),银河妇警传说 （日版） (Reprint),https://data.yang2000ling.com/img/pcecd_200/PCECD156.jpg
pcecd,PCECD#158,"Ginga Ojousama Densetsu Yuna (Japan) (FABT, FACT)","銀河大小姐傳說 （日版） (FABT, FACT)",https://data.yang2000ling.com/img/pcecd_200/PCECD159.jpg
pcecd,PCECD#159,Ginga Ojousama Densetsu Yuna (Japan) (FAFT),銀河大小姐傳說 （日版） (FAFT),https://data.yang2000ling.com/img/pcecd_200/PCECD159.jpg
pcecd,PCECD#160,Ginga Ojousama Densetsu Yuna 2 - Eien no Princess (Japan) (FAAT),銀河大小姐傳說2 永恒的守护公主 （日版） (FAAT),https://data.yang2000ling.com/img/pcecd_200/PCECD160.jpg
pcecd,PCECD#161,Ginga Ojousama Densetsu Yuna 2 - Eien no Princess (Japan) (FABT),銀河大小姐傳說2 永恒的守护公主 （日版） (FABT),https://data.yang2000ling.com/img/pcecd_200/PCECD160.jpg
pcecd,PCECD#162,Ginga Ojousama Densetsu Yuna HuVIDEO CD (Japan),銀河大小姐傳說 HuVIDEO CD （日版）,https://data.yang2000ling.com/img/pcecd_200/PCECD162.jpg
pcecd,PCECD#163,Go! Go! Birdie Chance (Japan),Go! Go! 高尔夫 （日版）,https://data.yang2000ling.com/img/pcecd_200/PCECD163.jpg
pcecd,PCECD#164,God Panic - Shijou Saikyou no Gundan (Japan),上帝的恐慌 史上最强军团 （日版）,https://data.yang2000ling.com/img/pcecd_200/PCECD164.jpg
pcecd,PCECD#165,Godzilla (USA),哥斯拉 （美版）,https://data.yang2000ling.com/img/pcecd_200/PCECD165.jpg
pcecd,PCECD#166,Godzilla Bakutou Retsuden (Japan),哥斯拉爆斗列传 （日版）,https://data.yang2000ling.com/img/pcecd_200/PCECD166.jpg
pcecd,PCECD#167,Goetzendiener (Japan),偶像崇拜者 （日版）,https://data.yang2000ling.com/img/pcecd_200/PCECD167.jpg
pcecd,PCECD#168,Golden Axe (Japan),战斧 （日版）,https://data.yang2000ling.com/img/pcecd_200/PCECD168.jpg
pcecd,PCECD#169,Golden Axe (Japan) (Alt),战斧 （日版） (Alt),https://data.yang2000ling.com/img/pcecd_200/PCECD168.jpg
pcecd,PCECD#170,Gradius II - Gofer no Yabou (Japan),宇宙巡航机 2 （日版）,https://data.yang2000ling.com/img/pcecd_200/PCECD170.jpg
pcecd,PCECD#171,GS (Ghost Sweeper) Mikami (Japan),GS美神 (Ghost Sweeper) Mikami （日版）,https://data.yang2000ling.com/img/pcecd_200/PCECD171.jpg
pcecd,PCECD#172,Gulclight TDF 2 (Japan),地球防卫军 2 （日版）,https://data.yang2000ling.com/img/pcecd_200/PCECD172.jpg
pcecd,PCECD#173,Gyuwambler Jiko Chuushinha - Gekitou 36 Janshi (Japan),自我中心派麻将 激斗36雀士 （日版）,https://data.yang2000ling.com/img/pcecd_200/PCECD173.jpg
pcecd,PCECD#174,Gyuwambler Jiko Chuushinha - Gekitou 36 Janshi (Japan) (Alt),自我中心派麻将 激斗36雀士 （日版） (Alt),https://data.yang2000ling.com/img/pcecd_200/PCECD174.jpg
pcecd,PCECD#175,Gyuwambler Jiko Chuushinha - Mahjong Puzzle Collection (Japan),自我中心派麻将 麻将谜题合集 （日版）,https://data.yang2000ling.com/img/pcecd_200/PCECD174.jpg
pcecd,PCECD#176,Hataraku Shoujo - Tekipaki Working Love (Japan),乐天少女俱乐部 （日版）,https://data.yang2000ling.com/img/pcecd_200/PCECD176.jpg
pcecd,PCECD#177,Hatsukoi Monogatari (Japan) (Rev 1),初恋物语 （日版） （修正版 1）,https://data.yang2000ling.com/img/pcecd_200/PCECD178.jpg
pcecd,PCECD#178,Hatsukoi Monogatari (Japan) (Rev 2),初恋物语 （日版） （修正版 2）,https://data.yang2000ling.com/img/pcecd_200/PCECD178.jpg
pcecd,PCECD#179,Hawiian Island Girls (USA) (Unl),夏威夷岛的女孩们 （美版） （非官方版）,https://data.yang2000ling.com/img/pcecd_200/PCECD179.jpg
pcecd,PCECD#180,Hawk F-123 (Japan),鹰 F-123 （日版）,https://data.yang2000ling.com/img/pcecd_200/PCECD180.jpg
pcecd,PCECD#181,Hellfire S - The Another Story (Japan),地狱火S （日版）,https://data.yang2000ling.com/img/pcecd_200/PCECD181.jpg
pcecd,PCECD#182,Henshin Engine (USA) (Unl) (Demo),变身动机 （美版） （非官方版） （演示版）,https://data.yang2000ling.com/img/pcecd_200/PCECD182.jpg
pcecd,PCECD#183,High Grenadier (Japan),高抛弹兵 （日版）,https://data.yang2000ling.com/img/pcecd_200/PCECD183.jpg
pcecd,PCECD#184,Hihou Densetsu - Chris no Bouken (Japan),秘宝伝説 克里斯的冒险 （日版）,https://data.yang2000ling.com/img/pcecd_200/PCECD184.jpg
pcecd,PCECD#185,Himitsu no Hanazono (Japan),秘密花园 （日版）,https://data.yang2000ling.com/img/pcecd_200/PCECD185.jpg
pcecd,PCECD#186,Horror Story (Japan),恐怖故事 （日版）,https://data.yang2000ling.com/img/pcecd_200/PCECD186.jpg
pcecd,PCECD#187,Hu PGA Tour - PowerGolf 2 - Golfer (Japan),胡PGA巡回赛-强力高尔夫2-高尔夫球手 （日版）,https://data.yang2000ling.com/img/pcecd_200/PCECD187.jpg
pcecd,PCECD#188,Human Sports Festival (Japan),运动大集合 （日版）,https://data.yang2000ling.com/img/pcecd_200/PCECD188.jpg
pcecd,PCECD#189,Hyaku Monogatari - Honto ni Atta Kowai Hanashi (Japan),百物语~真的有恐怖的故事~ （日版）,https://data.yang2000ling.com/img/pcecd_200/PCECD189.jpg
pcecd,PCECD#190,Hyper Dyne - SideArms Special (Japan),绝对合体 （日版）,https://data.yang2000ling.com/img/pcecd_200/PCECD190.jpg
pcecd,PCECD#191,Hyper Dyne - SideArms Special (Japan) (Alt),绝对合体 （日版） (Alt),https://data.yang2000ling.com/img/pcecd_200/PCECD190.jpg
pcecd,PCECD#192,Hyper Wars (Japan) (SAAS),世纪战争 （日版） (SAAS),https://data.yang2000ling.com/img/pcecd_200/PCECD192.jpg
pcecd,PCECD#193,Hyper Wars (Japan) (SABS),世纪战争 （日版） (SABS),https://data.yang2000ling.com/img/pcecd_200/PCECD192.jpg
pcecd,PCECD#194,Hypernova Blast (USA) (Unl),超新星爆发 （美版） （非官方版）,https://data.yang2000ling.com/img/pcecd_200/PCECD194.jpg
pcecd,PCECD#195,Iga Ninden Gaiou (Japan),伊賀忍伝凱王 （日版）,https://data.yang2000ling.com/img/pcecd_200/PCECD195.jpg
pcecd,PCECD#196,ImageFight II - Operation Deepstriker (Japan),梦幻战机2 （日版）,https://data.yang2000ling.com/img/pcecd_200/PCECD196.jpg
pcecd,PCECD#197,Implode (USA) (Unl),内爆 （美版） （非官方版）,https://data.yang2000ling.com/img/pcecd_200/PCECD197.jpg
pcecd,PCECD#198,In Magical Adventure - Fray CD - Xak Gaiden (Japan),萨克外传 （日版）,https://data.yang2000ling.com/img/pcecd_200/PCECD198.jpg
pcecd,PCECD#199,Inoue Mami - Kono Hoshi ni Tatta Hitori no Kimi (Japan),井上麻美～这颗星球上唯一的你～ （日版）,https://data.yang2000ling.com/img/pcecd_200/PCECD199.jpg
pcecd,PCECD#200,Insanity (USA) (Unl),精神失常 （美版） （非官方版）,https://data.yang2000ling.com/img/pcecd_200/PCECD200.jpg
pcecd,PCECD#201,IQ Panic (Japan),智商恐慌 （日版）,https://data.yang2000ling.com/img/pcecd_200/PCECD201.jpg
pcecd,PCECD#202,It Came from the Desert (USA),沙丘魔蚁 （美版）,https://data.yang2000ling.com/img/pcecd_200/PCECD202.jpg
pcecd,PCECD#203,"J. B. Harold Murder Club (USA) (En,Ja)","刑事J.B.哈罗德事件簿杀人俱乐部 （美版） (En,Ja)",https://data.yang2000ling.com/img/pcecd_200/PCECD203.jpg
pcecd,PCECD#204,J. B. Harold Series 1 - Murder Club (Japan),刑事J.B.哈罗德事件簿杀人俱乐部 （日版）,https://data.yang2000ling.com/img/pcecd_200/PCECD203.jpg
pcecd,PCECD#205,J. League Tremendous Soccer '94 (Japan),J联盟足球'94 （日版）,https://data.yang2000ling.com/img/pcecd_200/PCECD205.jpg
pcecd,PCECD#206,Jack Nicklaus Turbo Golf (USA),杰克尼可拉斯高尔夫 （美版）,https://data.yang2000ling.com/img/pcecd_200/PCECD206.jpg
pcecd,PCECD#207,Jack Nicklaus' World Tour Golf - 162 Holes (Japan),杰克尼可拉斯高尔夫世界巡回赛 （日版）,https://data.yang2000ling.com/img/pcecd_200/PCECD206.jpg
pcecd,PCECD#208,Jantei Monogatari (Japan),雀侦物语 （日版）,https://data.yang2000ling.com/img/pcecd_200/PCECD208.jpg
pcecd,PCECD#209,Jantei Monogatari 2 - Uchuu Tantei Diban - Kanketsu-hen (Japan),雀侦物语2 ～宇宙探偵ディバン～　完結編 （日版）,https://data.yang2000ling.com/img/pcecd_200/PCECD209.jpg
pcecd,PCECD#210,Jantei Monogatari 2 - Uchuu Tantei Diban - Shutsudou-hen (Japan),雀侦物语2 ～宇宙探偵ディバン～　出动編 （日版）,https://data.yang2000ling.com/img/pcecd_200/PCECD210.jpg
pcecd,PCECD#211,Jantei Monogatari 3 - Saver Angels (Japan),雀侦物语3 拯救天使 （日版）,https://data.yang2000ling.com/img/pcecd_200/PCECD211.jpg
pcecd,PCECD#212,Jim Power in Mutant Planet (Japan),吉姆力量在突变的星球上 （日版）,https://data.yang2000ling.com/img/pcecd_200/PCECD212.jpg
pcecd,PCECD#213,John Madden Duo CD Football (USA) (RE),约翰·马登足球 （美版） (RE),https://data.yang2000ling.com/img/pcecd_200/PCECD213.jpg
pcecd,PCECD#214,Juuouki (Japan) (Rev 4),兽王记 （日版） （修正版 4）,https://data.yang2000ling.com/img/pcecd_200/PCECD214.jpg
pcecd,PCECD#215,Juuouki (Japan) (Rev 5),兽王记 （日版） （修正版 5）,https://data.yang2000ling.com/img/pcecd_200/PCECD214.jpg
pcecd,PCECD#216,Kabuki Ittouryoudan (Japan),一刀凉谈 （日版）,https://data.yang2000ling.com/img/pcecd_200/PCECD216.jpg
pcecd,PCECD#217,Kagami no Kuni no Legend (Japan),镜之国的传说 （日版）,https://data.yang2000ling.com/img/pcecd_200/PCECD217.jpg
pcecd,PCECD#218,Kaizou Choujin Shubibinman 3 - Ikai no Princess (Japan),改造超人3 异界的公主 （日版）,https://data.yang2000ling.com/img/pcecd_200/PCECD218.jpg
pcecd,PCECD#219,Kakutou Haou Densetsu - Algunos (Japan),格斗霸王传说 （日版）,https://data.yang2000ling.com/img/pcecd_200/PCECD219.jpg
pcecd,PCECD#220,Kawa no Nushitsuri - Shizen-ha (Japan),川釣高手 自然派 （日版）,https://data.yang2000ling.com/img/pcecd_200/PCECD220.jpg
pcecd,PCECD#221,Kaze Kiri - Ninja Action (Japan),风雾 忍者行动 （日版）,https://data.yang2000ling.com/img/pcecd_200/PCECD221.jpg
pcecd,PCECD#222,Kaze no Densetsu Xanadu (Japan) (Demo),风之传说 （日版） （演示版）,https://data.yang2000ling.com/img/pcecd_200/PCECD222.jpg
pcecd,PCECD#223,Kiaidan 00 (Japan),机甲战士00（日版）,https://data.yang2000ling.com/img/pcecd_200/PCECD223.jpg
pcecd,PCECD#224,"Kick Boxing, The (Japan)",拳击 （日版）,https://data.yang2000ling.com/img/pcecd_200/PCECD224.jpg
pcecd,PCECD#225,Kisou Louga (Japan) (FABT),機装ルーガ （日版） (FABT),https://data.yang2000ling.com/img/pcecd_200/PCECD225.jpg
pcecd,PCECD#226,Kisou Louga II - The Ends of Shangrila (Japan),機装ルーガ2 （日版）,https://data.yang2000ling.com/img/pcecd_200/PCECD226.jpg
pcecd,PCECD#227,KO Seiki Beast Sanjuushi - Gaia Fukkatsu - Kanketsu-hen (Japan),KO世纪野兽士～盖亚复活～完结篇 （日版）,https://data.yang2000ling.com/img/pcecd_200/PCECD227.jpg
pcecd,PCECD#228,Kuusou Kagaku Sekai Gulliver Boy (Japan),空想科学世界 （日版）,https://data.yang2000ling.com/img/pcecd_200/PCECD228.jpg
pcecd,PCECD#229,L-Dis (Japan),,https://data.yang2000ling.com/img/pcecd_200/PCECD229.jpg
pcecd,PCECD#230,Lady Phantom (Japan) (FABT),幻影女郎 （日版） (FABT),https://data.yang2000ling.com/img/pcecd_200/PCECD230.jpg
pcecd,PCECD#231,Langrisser - Hikari no Matsuei (Japan),梦幻模拟战 光辉的末裔 （日版）,https://data.yang2000ling.com/img/pcecd_200/PCECD231.jpg
pcecd,PCECD#232,Laplace no Ma (Japan),拉普拉斯之魔 （日版）,https://data.yang2000ling.com/img/pcecd_200/PCECD232.jpg
pcecd,PCECD#233,Laser Soft Visual Collection Vol. 1 - Cosmic Fantasy Visual-shuu (Japan),漫画幻想视觉集 （日版）,https://data.yang2000ling.com/img/pcecd_200/PCECD233.jpg
pcecd,PCECD#234,Laser Soft Visual Collection Vol. 2 - Valis Visual-shuu (Japan),梦幻战士视觉集 （日版）,https://data.yang2000ling.com/img/pcecd_200/PCECD234.jpg
pcecd,PCECD#235,Last Alert (USA),最后警戒 （美版）,https://data.yang2000ling.com/img/pcecd_200/PCECD235.jpg
pcecd,PCECD#236,Last Armageddon (Japan) (Rev 5),女超人蕾拉 （日版） （修正版 5）,https://data.yang2000ling.com/img/pcecd_200/PCECD236.jpg
pcecd,PCECD#237,Last Armageddon (Japan) (Rev 6),女超人蕾拉 （日版） （修正版 6）,https://data.yang2000ling.com/img/pcecd_200/PCECD236.jpg
pcecd,PCECD#238,Legend of Xanadu - Kaze no Densetsu Xanadu (Japan),风的传说 （日版）,https://data.yang2000ling.com/img/pcecd_200/PCECD238.jpg
pcecd,PCECD#239,Legend of Xanadu - Kaze no Densetsu Xanadu II (Japan),风的传说 2 （日版）,https://data.yang2000ling.com/img/pcecd_200/PCECD239.jpg
pcecd,PCECD#240,Legion (Japan),空中军团 （日版）,https://data.yang2000ling.com/img/pcecd_200/PCECD240.jpg
pcecd,PCECD#241,Lemmings (Japan),疯狂小旅鼠 （日版）,https://data.yang2000ling.com/img/pcecd_200/PCECD241.jpg
pcecd,PCECD#242,Linda^3 (Japan) (Rev 1),琳达三次方 （日版） （修正版 1）,https://data.yang2000ling.com/img/pcecd_200/PCECD242.jpg
pcecd,PCECD#243,Linda^3 (Japan) (Rev 2),琳达三次方 （日版） （修正版 2）,https://data.yang2000ling.com/img/pcecd_200/PCECD242.jpg
pcecd,PCECD#244,"Local Girls of Hawaii, The (USA) (Unl)",夏威夷本地女孩 （美版） （非官方版）,https://data.yang2000ling.com/img/pcecd_200/PCECD179.jpg
pcecd,PCECD#245,Loom (Japan),织布机 （日版）,https://data.yang2000ling.com/img/pcecd_200/PCECD246.jpg
pcecd,PCECD#246,Loom (USA),织布机 （美版）,https://data.yang2000ling.com/img/pcecd_200/PCECD246.jpg
pcecd,PCECD#247,Lord of Wars (Japan),军火之王 （日版）,https://data.yang2000ling.com/img/pcecd_200/PCECD247.jpg
pcecd,PCECD#248,Lords of the Rising Sun (USA),旭日东升 （美版）,https://data.yang2000ling.com/img/pcecd_200/PCECD248.jpg
pcecd,PCECD#249,Lords of Thunder (USA),雷霆之王 （美版）,https://data.yang2000ling.com/img/pcecd_200/PCECD249.jpg
pcecd,PCECD#250,Mad Stalker - Full Metal Force (Japan),疯狂潜入者 金属力量 （日版）,https://data.yang2000ling.com/img/pcecd_200/PCECD250.jpg
pcecd,PCECD#251,Mad Stalker - Full Metal Force (Japan) (Demo),疯狂潜入者 金属力量 （日版） （演示版）,https://data.yang2000ling.com/img/pcecd_200/PCECD250.jpg
pcecd,PCECD#252,Madou Monogatari I - Honoo no Sotsuenji (Japan),魔导物语 ～炎の卒園児～ （日版）,https://data.yang2000ling.com/img/pcecd_200/PCECD252.jpg
pcecd,PCECD#253,Magical Dinosaur Tour (USA),神奇恐龙之旅 （美版）,https://data.yang2000ling.com/img/pcecd_200/PCECD253.jpg
pcecd,PCECD#254,Magical Saurus Tour (Japan),神奇恐龙之旅 （日版）,https://data.yang2000ling.com/img/pcecd_200/PCECD253.jpg
pcecd,PCECD#255,Magicoal (Japan),魔力酷 （日版）,https://data.yang2000ling.com/img/pcecd_200/PCECD255.jpg
pcecd,PCECD#256,Mahjong Clinic Special (Japan),麻將特別診療所 （日版）,https://data.yang2000ling.com/img/pcecd_200/PCECD256.jpg
pcecd,PCECD#257,Mahjong Lemon Angel (Japan),麻将柠檬天使 （日版）,https://data.yang2000ling.com/img/pcecd_200/PCECD257.jpg
pcecd,PCECD#258,Mahjong on the Beach (Japan),沙滩麻将 （日版）,https://data.yang2000ling.com/img/pcecd_200/PCECD258.jpg
pcecd,PCECD#259,Mahjong Sword - Princess Quest Gaiden (Japan),麻将剑 公主任务外传 （日版）,https://data.yang2000ling.com/img/pcecd_200/PCECD259.jpg
pcecd,PCECD#260,Mahjong Vanilla Syndrome (Japan),美少女麻将 （日版）,https://data.yang2000ling.com/img/pcecd_200/PCECD261.jpg
pcecd,PCECD#261,Mahjong Vanilla Syndrome (Japan) (Alt),美少女麻将 （日版） (Alt),https://data.yang2000ling.com/img/pcecd_200/PCECD261.jpg
pcecd,PCECD#262,Makai Eiyuuden - Shape Shifter (Japan),魔界英雄伝 （日版）,https://data.yang2000ling.com/img/pcecd_200/PCECD262.jpg
pcecd,PCECD#263,Mamono Hunter Youko - Makai kara no Tenkousei (Japan),魔物猎人妖子 来自魔界的转校生 （日版）,https://data.yang2000ling.com/img/pcecd_200/PCECD263.jpg
pcecd,PCECD#264,Mamono Hunter Youko - Tooki Yobigoe (Japan),魔物猎人妖子 遥远的呼声 （日版）,https://data.yang2000ling.com/img/pcecd_200/PCECD264.jpg
pcecd,PCECD#265,"Manhole, The (Japan)",井盖 （日版）,https://data.yang2000ling.com/img/pcecd_200/PCECD265.jpg
pcecd,PCECD#266,Martial Champion (Japan),武术冠军 （日版）,https://data.yang2000ling.com/img/pcecd_200/PCECD266.jpg
pcecd,PCECD#267,Mashou Denki - La Valeur (Japan),魔晶伝记 （日版）,https://data.yang2000ling.com/img/pcecd_200/PCECD267.jpg
pcecd,PCECD#268,Master of Monsters (Japan),万兽之王 （日版）,https://data.yang2000ling.com/img/pcecd_200/PCECD268.jpg
pcecd,PCECD#269,Mateki Densetsu Astralius (Japan),魔笛伝説 （日版）,https://data.yang2000ling.com/img/pcecd_200/PCECD269.jpg
pcecd,PCECD#270,Megami Paradise (Japan),女神天国 （日版）,https://data.yang2000ling.com/img/pcecd_200/PCECD270.jpg
pcecd,PCECD#271,Metal Angel (Japan),合金天使 （日版）,https://data.yang2000ling.com/img/pcecd_200/PCECD271.jpg
pcecd,PCECD#272,Metal Angel 2 (Japan),合金天使2 （日版）,https://data.yang2000ling.com/img/pcecd_200/PCECD272.jpg
pcecd,PCECD#273,Metamor Jupiter (Japan),木星穿梭机 （日版）,https://data.yang2000ling.com/img/pcecd_200/PCECD273.jpg
pcecd,PCECD#274,Meteor Blaster DX (USA) (Unl),流星爆破者 DX （美版） （非官方版）,https://data.yang2000ling.com/img/pcecd_200/PCECD274.jpg
pcecd,PCECD#275,Meteor Blaster DX (USA) (Unl) (Rerelease),流星爆破者 DX （美版） （非官方版） (Rerelease),https://data.yang2000ling.com/img/pcecd_200/PCECD274.jpg
pcecd,PCECD#276,Might and Magic (Japan),魔法门 （日版）,https://data.yang2000ling.com/img/pcecd_200/PCECD276.jpg
pcecd,PCECD#277,Might and Magic III - Isles of Terra (Japan),魔法门3 幻岛历险记 （日版）,https://data.yang2000ling.com/img/pcecd_200/PCECD278.jpg
pcecd,PCECD#278,Might and Magic III - Isles of Terra (USA),魔法门3 幻岛历险记 （美版）,https://data.yang2000ling.com/img/pcecd_200/PCECD278.jpg
pcecd,PCECD#279,Minesweeper (Japan),扫雷 （日版）,https://data.yang2000ling.com/img/pcecd_200/PCECD279.jpg
pcecd,PCECD#280,Mirai Shounen Conan (Japan),未来少年柯南 （日版）,https://data.yang2000ling.com/img/pcecd_200/PCECD280.jpg
pcecd,PCECD#281,Mitsubachi Gakuen (Japan),三叶学园 （日版）,https://data.yang2000ling.com/img/pcecd_200/PCECD281.jpg
pcecd,PCECD#282,Monster Lair (USA),神奇男孩（美版）,https://data.yang2000ling.com/img/pcecd_200/PCECD282.jpg
pcecd,PCECD#283,Monster Maker - Yami no Ryuukishi (Japan),怪獸製造廠 - 闇之龍騎士 （日版）,https://data.yang2000ling.com/img/pcecd_200/PCECD283.jpg
pcecd,PCECD#284,Monster Maker - Yami no Ryuukishi (Japan) (Alt),怪獸製造廠 - 闇之龍騎士 （日版） (Alt),https://data.yang2000ling.com/img/pcecd_200/PCECD283.jpg
pcecd,PCECD#285,Moonlight Lady (Japan),无颜之月 （日版）,https://data.yang2000ling.com/img/pcecd_200/PCECD285.jpg
pcecd,PCECD#286,Motoroader MC (Japan),越野摩托MC （日版）,https://data.yang2000ling.com/img/pcecd_200/PCECD286.jpg
pcecd,PCECD#287,Motteke Tamago (Japan),蛋蛋乐 （日版）,https://data.yang2000ling.com/img/pcecd_200/PCECD287.jpg
pcecd,PCECD#288,Mugen Senshi Valis - The Legend of a Fantasm Soldier (Japan),夢幻戦士 （日版）,https://data.yang2000ling.com/img/pcecd_200/PCECD288.jpg
pcecd,PCECD#289,"Mysterious Song (USA) (En,Fr,Es) (Unl)","神秘的歌曲 （美版） (En,Fr,Es) （非官方版）",https://data.yang2000ling.com/img/pcecd_200/PCECD289.jpg
pcecd,PCECD#290,"Mysterious Song (USA) (En,Fr,Es) (Unl) (Rerelease)","神秘的歌曲 （美版） (En,Fr,Es) （非官方版） (Rerelease)",https://data.yang2000ling.com/img/pcecd_200/PCECD289.jpg
pcecd,PCECD#291,Mystic Formula (Japan),神秘配方 （日版）,https://data.yang2000ling.com/img/pcecd_200/PCECD291.jpg
pcecd,PCECD#292,Nekketsu Koukou Dodgeball-bu CD - Soccer-hen (Japan),热血高校 足球篇 （日版）,https://data.yang2000ling.com/img/pcecd_200/PCECD292.jpg
pcecd,PCECD#293,Nekketsu Legend - Baseballer (Japan),热血传说 棒球运动员 （日版）,https://data.yang2000ling.com/img/pcecd_200/PCECD293.jpg
pcecd,PCECD#294,Nemurenu Yoru no Chiisana Ohanashi (Japan),不眠之夜的小故事 （日版）,https://data.yang2000ling.com/img/pcecd_200/PCECD294.jpg
pcecd,PCECD#295,Neo Nectaris (Japan),太空模拟战 （日版）,https://data.yang2000ling.com/img/pcecd_200/PCECD295.jpg
pcecd,PCECD#296,NEXZR (Japan),,https://data.yang2000ling.com/img/pcecd_200/PCECD296.jpg
pcecd,PCECD#297,Nishimura Kyoutarou Mystery - Hokutosei no Onna (Japan),西村京太郎杀人事件-北斗星之女 （日版）,https://data.yang2000ling.com/img/pcecd_200/PCECD297.jpg
pcecd,PCECD#298,No-Ri-Ko (Japan),小川範子 （日版）,https://data.yang2000ling.com/img/pcecd_200/PCECD298.jpg
pcecd,PCECD#299,Nobunaga no Yabou - Bushou Fuuunroku (Japan),信長之野望　～武将風雲録～ （日版）,https://data.yang2000ling.com/img/pcecd_200/PCECD299.jpg
pcecd,PCECD#300,Nobunaga no Yabou - Zenkokuban (Japan),信長之野望 战国兵法书（日版）,https://data.yang2000ling.com/img/pcecd_200/PCECD300.jpg
pcecd,PCECD#301,Ookami-teki Monshou - Crest of Wolf (Japan),狼的紋章 （日版）,https://data.yang2000ling.com/img/pcecd_200/PCECD301.jpg
pcecd,PCECD#302,Pachio-kun - Maboroshi no Densetsu (Japan) (Rev 7),柏青哥君 幻的传说 （日版） （修正版 7）,https://data.yang2000ling.com/img/pcecd_200/PCECD302.jpg
pcecd,PCECD#303,Pachio-kun - Maboroshi no Densetsu (Japan) (Rev 8),柏青哥君 幻的传说 （日版） (Rev 8),https://data.yang2000ling.com/img/pcecd_200/PCECD302.jpg
pcecd,PCECD#304,Pachio-kun - Warau Uchuu (Japan),柏青哥君 笑着的宇宙 （日版）,https://data.yang2000ling.com/img/pcecd_200/PCECD304.jpg
pcecd,PCECD#305,Pachio-kun 3 - Pachi-Slot & Pachinko (Japan),柏青哥君 3 （日版）,https://data.yang2000ling.com/img/pcecd_200/PCECD305.jpg
pcecd,PCECD#306,Palladion - Auto Crusher Palladium (Japan),帕蒂安　－ＡＵＴＯ　ＣＲＵＳＨＥＲ　ＰＡＬＬＡＤＩＵＭ－ （日版）,https://data.yang2000ling.com/img/pcecd_200/PCECD306.jpg
pcecd,PCECD#307,Pastel Lime (Japan),魔法小天使 琳 （日版）,https://data.yang2000ling.com/img/pcecd_200/PCECD307.jpg
pcecd,PCECD#308,Patlabor - Chapter of Griffon (Japan),机动警察 （日版）,https://data.yang2000ling.com/img/pcecd_200/PCECD308.jpg
pcecd,PCECD#309,PC Engine Fan - Special CD-ROM^2 Vol. 1 (Japan),,https://data.yang2000ling.com/img/pcecd_200/PCECD309.jpg
pcecd,PCECD#310,PC Engine Hyper Catalog CD-ROM (Japan),,https://data.yang2000ling.com/img/pcecd_200/PCECD.jpg
pcecd,PCECD#311,PC Engine Hyper Catalog CD-ROM - 1994 Summer (Japan) (Disc A),,https://data.yang2000ling.com/img/pcecd_200/PCECD311.jpg
pcecd,PCECD#312,PC Engine Hyper Catalog CD-ROM - 1994 Summer (Japan) (Disc B),,https://data.yang2000ling.com/img/pcecd_200/PCECD311.jpg
pcecd,PCECD#313,PC Engine Hyper Catalog CD-ROM 2 - 1993 Spring (Japan),,https://data.yang2000ling.com/img/pcecd_200/PCECD313.jpg
pcecd,PCECD#314,PC Engine Hyper Catalog CD-ROM 3 - 1993 Summer (Japan),,https://data.yang2000ling.com/img/pcecd_200/PCECD314.jpg
pcecd,PCECD#315,PC Engine Hyper Catalog CD-ROM 4 - 1993 Winter (Japan),,https://data.yang2000ling.com/img/pcecd_200/PCECD315.jpg
pcecd,PCECD#316,PC Engine Hyper Catalog CD-ROM 5 - 1994 Spring (Japan),,https://data.yang2000ling.com/img/pcecd_200/PCECD316.jpg
pcecd,PCECD#317,PC Engine Hyper Catalog CD-ROM 6 - 1994 Summer (Japan) (Disc A),,https://data.yang2000ling.com/img/pcecd_200/PCECD317.jpg
pcecd,PCECD#318,PC Engine Hyper Catalog CD-ROM 6 - 1994 Summer (Japan) (Disc B),,https://data.yang2000ling.com/img/pcecd_200/PCECD317.jpg
pcecd,PCECD#319,Police Connection (Japan),警察关系 （日版）,https://data.yang2000ling.com/img/pcecd_200/PCECD319.jpg
pcecd,PCECD#320,Pomping World (Japan),魔鬼气泡 （日版）,https://data.yang2000ling.com/img/pcecd_200/PCECD320.jpg
pcecd,PCECD#321,Pop'n Magic (Japan),流行魔法 （日版）,https://data.yang2000ling.com/img/pcecd_200/PCECD321.jpg
pcecd,PCECD#322,PopfulMail (Japan),美少女剑士梅尔 （日版）,https://data.yang2000ling.com/img/pcecd_200/PCECD322.jpg
pcecd,PCECD#323,PopfulMail (Japan) (Demo),美少女剑士梅尔 （日版） （演示版）,https://data.yang2000ling.com/img/pcecd_200/PCECD322.jpg
pcecd,PCECD#324,Populous - The Promised Lands (Japan),人口众多-应许之地 （日版）,https://data.yang2000ling.com/img/pcecd_200/PCECD324.jpg
pcecd,PCECD#325,Prince of Persia (Japan),波斯王子 （日版）,https://data.yang2000ling.com/img/pcecd_200/PCECD325.jpg
pcecd,PCECD#326,Prince of Persia (USA),波斯王子 （美版）,https://data.yang2000ling.com/img/pcecd_200/PCECD326.jpg
pcecd,PCECD#327,Princess Maker 1 (Japan),美少女梦工厂1 （日版）,https://data.yang2000ling.com/img/pcecd_200/PCECD327.jpg
pcecd,PCECD#328,Princess Maker 2 (Japan),美少女梦工厂2 （日版）,https://data.yang2000ling.com/img/pcecd_200/PCECD328.jpg
pcecd,PCECD#329,Princess Minerva (Japan),智王传说 （日版）,https://data.yang2000ling.com/img/pcecd_200/PCECD329.jpg
pcecd,PCECD#330,Private Eye dol (Japan),私家侦探 （日版）,https://data.yang2000ling.com/img/pcecd_200/PCECD330.jpg
pcecd,PCECD#331,"Pro Yakyuu Super '94, The (Japan)",超级职业棒球94 （日版）,https://data.yang2000ling.com/img/pcecd_200/PCECD331.jpg
pcecd,PCECD#332,"Pro Yakyuu Super, The (Japan) (FABT)",超级职业棒球 （日版） (FABT),https://data.yang2000ling.com/img/pcecd_200/PCECD332.jpg
pcecd,PCECD#333,"Pro Yakyuu, The (Japan)",职业棒球 （日版）,https://data.yang2000ling.com/img/pcecd_200/PCECD333.jpg
pcecd,PCECD#334,Psychic Detective Series Vol. 3 - Aya (Japan),通灵侦探系列第三卷-阿雅 （日版）,https://data.yang2000ling.com/img/pcecd_200/PCECD334.jpg
pcecd,PCECD#335,Psychic Detective Series Vol. 4 - Orgel (Japan),通灵侦探系列第四卷-八音盒 （日版）,https://data.yang2000ling.com/img/pcecd_200/PCECD335.jpg
pcecd,PCECD#336,Psychic Storm (Japan),心灵风暴 （日版）,https://data.yang2000ling.com/img/pcecd_200/PCECD336.jpg
pcecd,PCECD#337,Puyo Puyo CD (Japan),噗哟噗哟 CD （日版）,https://data.yang2000ling.com/img/pcecd_200/PCECD337.jpg
pcecd,PCECD#338,Puyo Puyo CD Tsuu (Japan),噗哟噗哟 CD （日版）,https://data.yang2000ling.com/img/pcecd_200/PCECD338.jpg
pcecd,PCECD#339,Pyramid Plunder (USA) (Unl),金字塔掠夺 （美版） （非官方版）,https://data.yang2000ling.com/img/pcecd_200/PCECD339.jpg
pcecd,PCECD#340,Quest of Jongmaster - Janshin Densetsu (Japan),雀神伝説 （日版）,https://data.yang2000ling.com/img/pcecd_200/PCECD340.jpg
pcecd,PCECD#341,Quiz Avenue (Japan),智力竞赛大道 （日版）,https://data.yang2000ling.com/img/pcecd_200/PCECD341.jpg
pcecd,PCECD#342,Quiz Avenue II (Japan),智力竞赛大道 2 （日版）,https://data.yang2000ling.com/img/pcecd_200/PCECD342.jpg
pcecd,PCECD#343,Quiz Avenue III (Japan),智力竞赛大道 3 （日版）,https://data.yang2000ling.com/img/pcecd_200/PCECD343.jpg
pcecd,PCECD#344,Quiz Caravan Cult Q (Japan),商业文化问答 （日版）,https://data.yang2000ling.com/img/pcecd_200/PCECD344.jpg
pcecd,PCECD#345,Quiz de Gakuensai (Japan),学园祭问答 （日版）,https://data.yang2000ling.com/img/pcecd_200/PCECD345.jpg
pcecd,PCECD#346,Quiz Marugoto the World (Japan) (Rev 7),Marugoto世界问答 （日版） （修正版 7）,https://data.yang2000ling.com/img/pcecd_200/PCECD346.jpg
pcecd,PCECD#347,Quiz Marugoto the World (Japan) (Rev 8),Marugoto世界问答 （日版） (Rev 8),https://data.yang2000ling.com/img/pcecd_200/PCECD346.jpg
pcecd,PCECD#348,Quiz Marugoto the World 2 - Time Machine ni Onegai! (Japan),Marugoto世界问答 2 （日版）,https://data.yang2000ling.com/img/pcecd_200/PCECD348.jpg
pcecd,PCECD#349,Quiz no Hoshi - Star of Quiz (Japan),谜题之星 （日版）,https://data.yang2000ling.com/img/pcecd_200/PCECD349.jpg
pcecd,PCECD#350,Quiz Tonosama no Yabou (Japan),问答:信长之野望 （日版）,https://data.yang2000ling.com/img/pcecd_200/PCECD350.jpg
pcecd,PCECD#351,R-Type Complete CD (Japan),异形战机 完整版 （日版）,https://data.yang2000ling.com/img/pcecd_200/PCECD351.jpg
pcecd,PCECD#352,Rainbow Islands - The Story of Bubble Bobble 2 (Japan),彩虹岛 （日版）,https://data.yang2000ling.com/img/pcecd_200/PCECD352.jpg
pcecd,PCECD#353,Rally Championship (Japan) (FABT),拉力锦标赛 （日版） (FABT),https://data.yang2000ling.com/img/pcecd_200/PCECD353.jpg
pcecd,PCECD#354,Ranma 1-2 (Japan),乱马1/2 （日版）,https://data.yang2000ling.com/img/pcecd_200/PCECD354.jpg
pcecd,PCECD#355,"Ranma 1-2 - Datou, Ganso Musabetsu Kakutou-ryuu! (Japan)",乱马1/2～打倒、元祖無差別格闘流！～ （日版）,https://data.yang2000ling.com/img/pcecd_200/PCECD355.jpg
pcecd,PCECD#356,Ranma 1-2 - Toraware no Hanayome (Japan),乱马1/2～被囚禁的新娘～ （日版）,https://data.yang2000ling.com/img/pcecd_200/PCECD356.jpg
pcecd,PCECD#357,Rayxanber II (Japan),ライザンバー 2 （日版）,https://data.yang2000ling.com/img/pcecd_200/PCECD357.jpg
pcecd,PCECD#358,Rayxanber III (Japan),ライザンバー 3 （日版）,https://data.yang2000ling.com/img/pcecd_200/PCECD358.jpg
pcecd,PCECD#359,Record of Lodoss War (Japan),罗德岛战记 （日版）,https://data.yang2000ling.com/img/pcecd_200/PCECD359.jpg
pcecd,PCECD#360,Record of Lodoss War II (Japan),罗德岛战记2 （日版）,https://data.yang2000ling.com/img/pcecd_200/PCECD360.jpg
pcecd,PCECD#361,Record of Lodoss War II (Japan) (Demo),罗德岛战记2 （日版） （演示版）,https://data.yang2000ling.com/img/pcecd_200/PCECD360.jpg
pcecd,PCECD#362,Red Alert (Japan),红色警戒 （日版）,https://data.yang2000ling.com/img/pcecd_200/PCECD362.jpg
pcecd,PCECD#363,Renny Blaster (Japan),破魔法纹 （日版）,https://data.yang2000ling.com/img/pcecd_200/PCECD363.jpg
pcecd,PCECD#364,"Revival Chase (USA) (En,Fr) (Unl)","复兴追逐 （美版） (En,Fr) （非官方版）",https://data.yang2000ling.com/img/pcecd_200/PCECD364.jpg
pcecd,PCECD#365,Riot Zone (USA),暴乱区 （美版）,https://data.yang2000ling.com/img/pcecd_200/PCECD365.jpg
pcecd,PCECD#366,Rising Sun (Japan),太阳升起 （日版）,https://data.yang2000ling.com/img/pcecd_200/PCECD366.jpg
pcecd,PCECD#367,Road Spirits (Japan),道路精灵 （日版）,https://data.yang2000ling.com/img/pcecd_200/PCECD367.jpg
pcecd,PCECD#368,ROM ROM Stadium (Japan),棒球体育场 （日版）,https://data.yang2000ling.com/img/pcecd_200/PCECD368.jpg
pcecd,PCECD#369,ROM^2 Karaoke Vol. 1 - Suteki ni Standard (Japan),ROM²卡拉OK 1 绝妙的标准 （日版）,https://data.yang2000ling.com/img/pcecd_200/PCECD369.jpg
pcecd,PCECD#370,ROM^2 Karaoke Vol. 2 - Nattoku Idol (Japan),ROM²卡拉OK 2 偶像团体 （日版）,https://data.yang2000ling.com/img/pcecd_200/PCECD370.jpg
pcecd,PCECD#371,ROM^2 Karaoke Vol. 3 - Yappashi Band (Japan),ROM²卡拉OK 3 干练乐队 （日版）,https://data.yang2000ling.com/img/pcecd_200/PCECD371.jpg
pcecd,PCECD#372,ROM^2 Karaoke Vol. 4 - Choito Otona! (Japan),ROM²卡拉OK 4 稍微成熟一点! （日版）,https://data.yang2000ling.com/img/pcecd_200/PCECD372.jpg
pcecd,PCECD#373,ROM^2 Karaoke Vol. 5 - Karaoke Maku no Uchi (Japan),ROM²卡拉OK 5 卡拉OK的幕内 （日版）,https://data.yang2000ling.com/img/pcecd_200/PCECD373.jpg
pcecd,PCECD#374,ROM^2 Karaoke Volume 1 (Japan),ROM²卡拉OK 1 （日版）,https://data.yang2000ling.com/img/pcecd_200/PCECD374.jpg
pcecd,PCECD#375,ROM^2 Karaoke Volume 1 (Japan) (Alt),ROM²卡拉OK 1 （日版） (Alt),https://data.yang2000ling.com/img/pcecd_200/PCECD375.jpg
pcecd,PCECD#376,ROM^2 Karaoke Volume 2 (Japan),ROM²卡拉OK 2 （日版）,https://data.yang2000ling.com/img/pcecd_200/PCECD376.jpg
pcecd,PCECD#377,ROM^2 Karaoke Volume 3 (Japan),ROM²卡拉OK 3 （日版）,https://data.yang2000ling.com/img/pcecd_200/PCECD377.jpg
pcecd,PCECD#378,ROM^2 Karaoke Volume 4 (Japan),ROM²卡拉OK 4 （日版）,https://data.yang2000ling.com/img/pcecd_200/PCECD378.jpg
pcecd,PCECD#379,ROM^2 Karaoke Volume 5 (Japan),ROM²卡拉OK 5 （日版）,https://data.yang2000ling.com/img/pcecd_200/PCECD379.jpg
pcecd,PCECD#380,Ruin - Kami no Isan (Japan),毁灭 神的遗产 （日版）,https://data.yang2000ling.com/img/pcecd_200/PCECD380.jpg
pcecd,PCECD#381,"Ryuuko no Ken (Japan) (En,Ja,Es) (Demo)","龙虎之拳 （日版） (En,Ja,Es) （演示版）",https://data.yang2000ling.com/img/pcecd_200/PCECD381.jpg
pcecd,PCECD#382,"Ryuuko no Ken (Japan) (En,Ja,Es) (FAAT)","龙虎之拳 （日版） (En,Ja,Es) (FAAT)",https://data.yang2000ling.com/img/pcecd_200/PCECD382.jpg
pcecd,PCECD#383,"Ryuuko no Ken (Japan) (En,Ja,Es) (FABT)","龙虎之拳 （日版） (En,Ja,Es) (FABT)",https://data.yang2000ling.com/img/pcecd_200/PCECD383.jpg
pcecd,PCECD#384,"Ryuuko no Ken (Japan) (En,Ja,Es) (FACT)","龙虎之拳 （日版） (En,Ja,Es) (FACT)",https://data.yang2000ling.com/img/pcecd_200/PCECD384.jpg
pcecd,PCECD#385,Sangokushi - Eiketsu Tenka ni Nozomu (Japan),三国志 英杰传（日版）,https://data.yang2000ling.com/img/pcecd_200/PCECD385.jpg
pcecd,PCECD#386,Sangokushi III (Japan),三国志3 （日版）,https://data.yang2000ling.com/img/pcecd_200/PCECD386.jpg
pcecd,PCECD#387,Seirei Senshi Spriggan (Japan),精灵战士 （日版）,https://data.yang2000ling.com/img/pcecd_200/PCECD387.jpg
pcecd,PCECD#388,Seiryuu Densetsu - Monbit (Japan) (Rev 1),圣龙传说 （日版） （修正版 1）,https://data.yang2000ling.com/img/pcecd_200/PCECD388.jpg
pcecd,PCECD#389,Seiryuu Densetsu - Monbit (Japan) (Rev 4),圣龙传说 （日版） （修正版 4）,https://data.yang2000ling.com/img/pcecd_200/PCECD388.jpg
pcecd,PCECD#390,Seisenshi Denshou - Jantaku no Kishi (Japan),圣战士传承 雀卓的骑士 （日版）,https://data.yang2000ling.com/img/pcecd_200/PCECD390.jpg
pcecd,PCECD#391,Seiya Monogatari - Anearth Fantasy Stories (Japan),圣夜物语 （日版）,https://data.yang2000ling.com/img/pcecd_200/PCECD391.jpg
pcecd,PCECD#392,Seiya Monogatari - Anearth Fantasy Stories (Japan) (Demo),圣夜物语 （日版） （演示版）,https://data.yang2000ling.com/img/pcecd_200/PCECD391.jpg
pcecd,PCECD#393,Sengoku Kantou Sangokushi (Japan),战国关东三国志 （日版）,https://data.yang2000ling.com/img/pcecd_200/PCECD393.jpg
pcecd,PCECD#394,Sexy Idol Mahjong (Japan),性感偶像麻将 （日版）,https://data.yang2000ling.com/img/pcecd_200/PCECD394.jpg
pcecd,PCECD#395,Sexy Idol Mahjong - Fashion Monogatari (Japan),性感偶像麻将 时尚物语 （日版）,https://data.yang2000ling.com/img/pcecd_200/PCECD395.jpg
pcecd,PCECD#396,Sexy Idol Mahjong - Yakyuuken no Uta (Japan),性感偶像麻将 野球拳之诗 （日版）,https://data.yang2000ling.com/img/pcecd_200/PCECD396.jpg
pcecd,PCECD#397,Shadow of the Beast (USA),暗影野兽 （美版）,https://data.yang2000ling.com/img/pcecd_200/PCECD397.jpg
pcecd,PCECD#398,Shadow of the Beast - Mashou no Okite (Japan),暗影野兽 魔性的绽放 （日版）,https://data.yang2000ling.com/img/pcecd_200/PCECD398.jpg
pcecd,PCECD#399,Shanghai II (Japan),上海2 （日版）,https://data.yang2000ling.com/img/pcecd_200/PCECD399.jpg
pcecd,PCECD#400,Shape Shifter (USA),变形人 （美版）,https://data.yang2000ling.com/img/pcecd_200/PCECD400.jpg
pcecd,PCECD#401,Sherlock Holmes - Consulting Detective (Japan),夏洛克福尔摩斯侦探课程 （日版）,https://data.yang2000ling.com/img/pcecd_200/PCECD402.jpg
pcecd,PCECD#402,Sherlock Holmes - Consulting Detective (USA),夏洛克福尔摩斯侦探课程 （美版）,https://data.yang2000ling.com/img/pcecd_200/PCECD402.jpg
pcecd,PCECD#403,Sherlock Holmes - Consulting Detective - Volume 2 (USA),夏洛克福尔摩斯侦探课程2 （美版）,https://data.yang2000ling.com/img/pcecd_200/PCECD403.jpg
pcecd,PCECD#404,Sherlock Holmes - Consulting Detective Vol. II (Japan),夏洛克福尔摩斯侦探课程2 （日版）,https://data.yang2000ling.com/img/pcecd_200/PCECD403.jpg
pcecd,PCECD#405,Shin Megami Tensei (Japan),真·女神转生 （日版）,https://data.yang2000ling.com/img/pcecd_200/PCECD405.jpg
pcecd,PCECD#406,Shin Nihon Pro Wrestling - '94 Battlefield in Tokyo Dome (Japan),新日本摔跤'94战斗场in斗强导梦 （日版）,https://data.yang2000ling.com/img/pcecd_200/PCECD406.jpg
pcecd,PCECD#407,Shin Onryou Senki (Japan),真怨灵战记 （日版）,https://data.yang2000ling.com/img/pcecd_200/PCECD407.jpg
pcecd,PCECD#408,Shinsetsu Shiawase Usagi 2 - Kairaku e no Invitation (Japan) (Unl),真说幸福兔2～向快乐的邀请～ （日版） （非官方版）,https://data.yang2000ling.com/img/pcecd_200/PCECD408.jpg
pcecd,PCECD#409,Shougi Database Kiyuu (Japan),将棋数据库 棋友 （日版）,https://data.yang2000ling.com/img/pcecd_200/PCECD409.jpg
pcecd,PCECD#410,SimEarth - The Living Planet (Japan),模拟地球 （日版）,https://data.yang2000ling.com/img/pcecd_200/PCECD411.jpg
pcecd,PCECD#411,SimEarth - The Living Planet (USA),模拟地球 （美版）,https://data.yang2000ling.com/img/pcecd_200/PCECD411.jpg
pcecd,PCECD#412,Slot Gambler (Japan),老虎机赌徒 （日版）,https://data.yang2000ling.com/img/pcecd_200/PCECD412.jpg
pcecd,PCECD#413,Snatcher CD-ROMantic (Japan),掠夺者 （日版）,https://data.yang2000ling.com/img/pcecd_200/PCECD413.jpg
pcecd,PCECD#414,Snatcher CD-ROMantic - Pilot Disk (Japan),掠夺者 Pilot Disk （日版）,https://data.yang2000ling.com/img/pcecd_200/PCECD413.jpg
pcecd,PCECD#415,Sol Bianca (Japan),太阳之船 （日版）,https://data.yang2000ling.com/img/pcecd_200/PCECD415.jpg
pcecd,PCECD#416,Sol Moonarge (Japan),ソル・モナージュ （日版）,https://data.yang2000ling.com/img/pcecd_200/PCECD416.jpg
pcecd,PCECD#417,Solid Force (Japan),固体力量 （日版）,https://data.yang2000ling.com/img/pcecd_200/PCECD417.jpg
pcecd,PCECD#418,Sorcerian (Japan),七星魔法使 （日版）,https://data.yang2000ling.com/img/pcecd_200/PCECD418.jpg
pcecd,PCECD#419,Sotsugyou - Graduation (Japan),卒业 （日版）,https://data.yang2000ling.com/img/pcecd_200/PCECD419.jpg
pcecd,PCECD#420,Sotsugyou - Graduation (Japan) (Rev 1),卒业 （日版） （修正版 1）,https://data.yang2000ling.com/img/pcecd_200/PCECD420.jpg
pcecd,PCECD#421,Sotsugyou II - Neo Generation (Japan),卒业2 （日版）,https://data.yang2000ling.com/img/pcecd_200/PCECD421.jpg
pcecd,PCECD#422,Sotsugyou Shashin - Miki (Japan),卒业写真 （日版）,https://data.yang2000ling.com/img/pcecd_200/PCECD422.jpg
pcecd,PCECD#423,Space Adventure Cobra - Kokuryuuou no Densetsu (Japan),哥普拉 黑龙王的传说 （日版）,https://data.yang2000ling.com/img/pcecd_200/PCECD423.jpg
pcecd,PCECD#424,Space Adventure Cobra II - Densetsu no Otoko (Japan),哥普拉 传说之男 （日版）,https://data.yang2000ling.com/img/pcecd_200/PCECD424.jpg
pcecd,PCECD#425,Space Invaders - The Original Game (Japan),太空侵略者 （日版）,https://data.yang2000ling.com/img/pcecd_200/PCECD425.jpg
pcecd,PCECD#426,Splash Lake (USA),飞溅湖 （美版）,https://data.yang2000ling.com/img/pcecd_200/PCECD426.jpg
pcecd,PCECD#427,Splash Lake - Ostrich Daibouken (Japan),飞溅湖 奥地利大冒险 （日版）,https://data.yang2000ling.com/img/pcecd_200/PCECD427.jpg
pcecd,PCECD#428,Spriggan Mark 2 - Re Terraform Project (Japan),精灵战士mark2 （日版）,https://data.yang2000ling.com/img/pcecd_200/PCECD428.jpg
pcecd,PCECD#429,Star Breaker (Japan),星球破坏者 （日版）,https://data.yang2000ling.com/img/pcecd_200/PCECD429.jpg
pcecd,PCECD#430,Star Mobile (Japan),移动星星 （日版）,https://data.yang2000ling.com/img/pcecd_200/PCECD430.jpg
pcecd,PCECD#431,Star Parodier (Japan),星际帕罗战士 （日版）,https://data.yang2000ling.com/img/pcecd_200/PCECD431.jpg
pcecd,PCECD#432,Startling Odyssey (Japan),惊心动魄的奥德赛 （日版）,https://data.yang2000ling.com/img/pcecd_200/PCECD432.jpg
pcecd,PCECD#433,Startling Odyssey II - Maryuu Sensou (Japan),惊心动魄的奥德赛2 魔龙战争 （日版）,https://data.yang2000ling.com/img/pcecd_200/PCECD433.jpg
pcecd,PCECD#434,Startling Odyssey II - Maryuu Sensou (Japan) (Demo),惊心动魄的奥德赛2 魔龙战争 （日版） （演示版）,https://data.yang2000ling.com/img/pcecd_200/PCECD433.jpg
pcecd,PCECD#435,Steam-Heart's (Japan),蒸汽之心 （日版）,https://data.yang2000ling.com/img/pcecd_200/PCECD435.jpg
pcecd,PCECD#436,Strider Hiryuu (Japan),出击飞龙 （日版）,https://data.yang2000ling.com/img/pcecd_200/PCECD436.jpg
pcecd,PCECD#437,"Sugoroku, The '92 - Nari Tore - Nariagari Trendy (Japan)",快速锻炼 92 （日版）,https://data.yang2000ling.com/img/pcecd_200/PCECD437.jpg
pcecd,PCECD#438,Summer Carnival '92 - Alzadick (Japan),夏夜狂欢92 （日版）,https://data.yang2000ling.com/img/pcecd_200/PCECD438.jpg
pcecd,PCECD#439,Summer Carnival '93 - NEXZR Special (Japan),夏夜狂欢93 （日版）,https://data.yang2000ling.com/img/pcecd_200/PCECD439.jpg
pcecd,PCECD#440,Super Air Zonk - Rockabilly-Paradise (USA),超级空中地带-摇滚天堂 （美版）,https://data.yang2000ling.com/img/pcecd_200/PCECD440.jpg
pcecd,PCECD#441,Super Albatross (Japan),超级信天翁 （日版）,https://data.yang2000ling.com/img/pcecd_200/PCECD441.jpg
pcecd,PCECD#442,Super CD-ROM^2 Taiken Soft Shuu (Japan),,https://data.yang2000ling.com/img/pcecd_200/PCECD442.jpg
pcecd,PCECD#443,Super Daisenryaku (Japan),超级大战略 （日版）,https://data.yang2000ling.com/img/pcecd_200/PCECD443.jpg
pcecd,PCECD#444,Super Darius (Japan),超级大流士 （日版）,https://data.yang2000ling.com/img/pcecd_200/PCECD444.jpg
pcecd,PCECD#445,Super Darius (Japan) (Alt),超级大流士 （日版） (Alt),https://data.yang2000ling.com/img/pcecd_200/PCECD444.jpg
pcecd,PCECD#446,Super Darius II (Japan),超级大流士2 （日版）,https://data.yang2000ling.com/img/pcecd_200/PCECD446.jpg
pcecd,PCECD#447,Super Mahjong Taikai (Japan),超级麻将大会 （日版）,https://data.yang2000ling.com/img/pcecd_200/PCECD447.jpg
pcecd,PCECD#448,Super Raiden (Japan),超级雷电 （日版）,https://data.yang2000ling.com/img/pcecd_200/PCECD448.jpg
pcecd,PCECD#449,Super Real Mahjong P.V Custom (Japan),超真实麻将 P.V （日版）,https://data.yang2000ling.com/img/pcecd_200/PCECD449.jpg
pcecd,PCECD#450,Super Real Mahjong PII-III Custom (Japan),超真实麻将 PII-III （日版）,https://data.yang2000ling.com/img/pcecd_200/PCECD450.jpg
pcecd,PCECD#451,Super Real Mahjong PIV Custom (Japan),超真实麻将 PIV （日版）,https://data.yang2000ling.com/img/pcecd_200/PCECD451.jpg
pcecd,PCECD#452,Super Real Mahjong Special - Miki Kasumi Shouko no Omoide yori (Japan),超真实麻将 特别篇 （日版）,https://data.yang2000ling.com/img/pcecd_200/PCECD452.jpg
pcecd,PCECD#453,Super Schwarzschild (Japan),超级银河战国列传 （日版）,https://data.yang2000ling.com/img/pcecd_200/PCECD453.jpg
pcecd,PCECD#454,Super Schwarzschild 2 (Japan),超级银河战国列传2 （日版）,https://data.yang2000ling.com/img/pcecd_200/PCECD454.jpg
pcecd,PCECD#455,Super-CD-Demo^2 (Japan),,https://data.yang2000ling.com/img/pcecd_200/PCECD.jpg
pcecd,PCECD#456,Sword Master (Japan),剑圣 （日版）,https://data.yang2000ling.com/img/pcecd_200/PCECD456.jpg
pcecd,PCECD#457,SydMead's TerraForming (USA),赛得·米德 仿地成形 （美版）,https://data.yang2000ling.com/img/pcecd_200/PCECD457.jpg
pcecd,PCECD#458,Sylphia (Japan),希尔菲娅 （日版）,https://data.yang2000ling.com/img/pcecd_200/PCECD458.jpg
pcecd,PCECD#459,Tadaima Yuusha Boshuu-chuu (Japan),勇者募集中 （日版）,https://data.yang2000ling.com/img/pcecd_200/PCECD459.jpg
pcecd,PCECD#460,Taiheiki (Japan),太平记 （日版）,https://data.yang2000ling.com/img/pcecd_200/PCECD460.jpg
pcecd,PCECD#461,Tanjou - Debut (Japan),诞生～Debut～ （日版）,https://data.yang2000ling.com/img/pcecd_200/PCECD461.jpg
pcecd,PCECD#462,Tecmo World Cup Super Soccer (Japan),Tecmo 超级世界杯 （日版）,https://data.yang2000ling.com/img/pcecd_200/PCECD462.jpg
pcecd,PCECD#463,Tenchi Muyou! Ryououki (Japan),天地無用！魎皇鬼 （日版）,https://data.yang2000ling.com/img/pcecd_200/PCECD463.jpg
pcecd,PCECD#464,Tenchi o Kurau (Japan),吞食天地 （日版）,https://data.yang2000ling.com/img/pcecd_200/PCECD464.jpg
pcecd,PCECD#465,Tengai Makyou - Deden no Kabuki-den (Japan),天外魔境 電々の伝 （日版）,https://data.yang2000ling.com/img/pcecd_200/PCECD465.jpg
pcecd,PCECD#466,Tenshi no Uta (Japan),天使之诗 （日版）,https://data.yang2000ling.com/img/pcecd_200/PCECD466.jpg
pcecd,PCECD#467,Tenshi no Uta II - Datenshi no Sentaku (Japan),天使之诗2 坠天使的选择 （日版）,https://data.yang2000ling.com/img/pcecd_200/PCECD467.jpg
pcecd,PCECD#468,TerraForming (Japan),仿地成形 （日版）,https://data.yang2000ling.com/img/pcecd_200/PCECD468.jpg
pcecd,PCECD#469,Todd's Adventures in Slime World (Japan),粘土世界 （日版）,https://data.yang2000ling.com/img/pcecd_200/PCECD469.jpg
pcecd,PCECD#470,Tokimeki Memorial (Japan),心跳回忆 （日版）,https://data.yang2000ling.com/img/pcecd_200/PCECD470.jpg
pcecd,PCECD#471,Tokimeki Memorial (Japan) (Rev 1),心跳回忆 （日版） （修正版 1）,https://data.yang2000ling.com/img/pcecd_200/PCECD470.jpg
pcecd,PCECD#472,Tokimeki Memorial (Japan) (Rev 2) (FABT),心跳回忆 （日版） （修正版 2） (FABT),https://data.yang2000ling.com/img/pcecd_200/PCECD470.jpg
pcecd,PCECD#473,Tokimeki Memorial (Japan) (Rev 3),心跳回忆 （日版） （修正版 3）,https://data.yang2000ling.com/img/pcecd_200/PCECD470.jpg
pcecd,PCECD#474,Top o Nerae! GunBuster Vol. 1 (Japan),飞跃巅峰！　ＧｕｎＢｕｓｔｅｒ　Ｖｏｌ．1 （日版）,https://data.yang2000ling.com/img/pcecd_200/PCECD474.jpg
pcecd,PCECD#475,Top o Nerae! GunBuster Vol. 2 (Japan),飞跃巅峰！　ＧｕｎＢｕｓｔｅｒ　Ｖｏｌ．2 （日版）,https://data.yang2000ling.com/img/pcecd_200/PCECD475.jpg
pcecd,PCECD#476,Travel Eple (Japan),ＴＲＡＶＥＬ　エプル （日版）,https://data.yang2000ling.com/img/pcecd_200/PCECD476.jpg
pcecd,PCECD#477,Travellers! Densetsu o Buttobase (Japan),旅行者！臀部的密度 （日版）,https://data.yang2000ling.com/img/pcecd_200/PCECD477.jpg
pcecd,PCECD#478,"TV Show, The (Japan)",电视表演秀 （日版）,https://data.yang2000ling.com/img/pcecd_200/PCECD478.jpg
pcecd,PCECD#479,Uchuu Senkan Yamato (Japan),宇宙战舰 大和号 （日版）,https://data.yang2000ling.com/img/pcecd_200/PCECD479.jpg
pcecd,PCECD#480,Ultra Box 2-gou (Japan),究极盒子2号 （日版）,https://data.yang2000ling.com/img/pcecd_200/PCECD480.jpg
pcecd,PCECD#481,Ultra Box 3-gou (Japan),究极盒子3号 （日版）,https://data.yang2000ling.com/img/pcecd_200/PCECD481.jpg
pcecd,PCECD#482,Ultra Box 4-gou (Japan),究极盒子4号 （日版）,https://data.yang2000ling.com/img/pcecd_200/PCECD482.jpg
pcecd,PCECD#483,Ultra Box 5-gou (Japan),究极盒子5号 （日版）,https://data.yang2000ling.com/img/pcecd_200/PCECD483.jpg
pcecd,PCECD#484,Ultra Box 6-gou (Japan),究极盒子6号 （日版）,https://data.yang2000ling.com/img/pcecd_200/PCECD484.jpg
pcecd,PCECD#485,Ultra Box Soukan-gou (Japan),究极盒子创刊号 （日版）,https://data.yang2000ling.com/img/pcecd_200/PCECD485.jpg
pcecd,PCECD#486,Urusei Yatsura - Stay with You (Japan),福星小子 - stay with you （日版）,https://data.yang2000ling.com/img/pcecd_200/PCECD486.jpg
pcecd,PCECD#487,Valis II (Japan),梦幻战士2 （日版）,https://data.yang2000ling.com/img/pcecd_200/PCECD489.jpg
pcecd,PCECD#488,Valis II (Japan) (Alt 1),梦幻战士2 （日版） (Alt 1),https://data.yang2000ling.com/img/pcecd_200/PCECD489.jpg
pcecd,PCECD#489,Valis II (Japan) (Alt 2),梦幻战士2 （日版） (Alt 2),https://data.yang2000ling.com/img/pcecd_200/PCECD489.jpg
pcecd,PCECD#490,Valis II (USA),梦幻战士2 （美版）,https://data.yang2000ling.com/img/pcecd_200/PCECD490.jpg
pcecd,PCECD#491,Valis III (Japan),梦幻战士3 （日版）,https://data.yang2000ling.com/img/pcecd_200/PCECD492.jpg
pcecd,PCECD#492,Valis III (Japan) (Alt),梦幻战士3 （日版） (Alt),https://data.yang2000ling.com/img/pcecd_200/PCECD492.jpg
pcecd,PCECD#493,Valis III (USA),梦幻战士3 （美版）,https://data.yang2000ling.com/img/pcecd_200/PCECD493.jpg
pcecd,PCECD#494,Valis IV (Japan),梦幻战士4 （日版）,https://data.yang2000ling.com/img/pcecd_200/PCECD494.jpg
pcecd,PCECD#495,Vasteel (Japan),,https://data.yang2000ling.com/img/pcecd_200/PCECD496.jpg
pcecd,PCECD#496,Vasteel (USA),,https://data.yang2000ling.com/img/pcecd_200/PCECD496.jpg
pcecd,PCECD#497,Vasteel 2 (Japan),,https://data.yang2000ling.com/img/pcecd_200/PCECD497.jpg
pcecd,PCECD#498,Virgin Dream (Japan),处女梦 （日版）,https://data.yang2000ling.com/img/pcecd_200/PCECD498.jpg
pcecd,PCECD#499,"Where in the World Is Carmen Sandiego (Japan) (En,Ja)","卡门圣地亚哥 世界篇 （日版） (En,Ja)",https://data.yang2000ling.com/img/pcecd_200/PCECD499.jpg
pcecd,PCECD#500,Winds of Thunder (Japan),神风战机 （日版）,https://data.yang2000ling.com/img/pcecd_200/PCECD500.jpg
pcecd,PCECD#501,"Wizardry I, II (Japan)",巫术1+2 （日版）,https://data.yang2000ling.com/img/pcecd_200/PCECD501.jpg
pcecd,PCECD#502,"Wizardry III, IV (Japan)",巫术3+4 （日版）,https://data.yang2000ling.com/img/pcecd_200/PCECD502.jpg
pcecd,PCECD#503,Wizardry V - Heart of the Maelstrom (Japan),巫术5:漩涡之心 （日版）,https://data.yang2000ling.com/img/pcecd_200/PCECD503.jpg
pcecd,PCECD#504,Wonder Boy III - Monster Lair (Japan) (Rev 3),神奇男孩3 魔窟 （日版） （修正版 3）,https://data.yang2000ling.com/img/pcecd_200/PCECD504.jpg
pcecd,PCECD#505,Wonder Boy III - Monster Lair (Japan) (Rev 4),神奇男孩3 魔窟 （日版） （修正版 4）,https://data.yang2000ling.com/img/pcecd_200/PCECD504.jpg
pcecd,PCECD#506,World Heroes 2 (Japan),世界英雄2 （日版）,https://data.yang2000ling.com/img/pcecd_200/PCECD506.jpg
pcecd,PCECD#507,World Heroes 2 (Japan) (Demo) (SACS),世界英雄2 （日版） （演示版） (SACS),https://data.yang2000ling.com/img/pcecd_200/PCECD506.jpg
pcecd,PCECD#508,Wrestle Angels - Double Impact (Japan),摔角天使 双重冲击 （日版）,https://data.yang2000ling.com/img/pcecd_200/PCECD508.jpg
pcecd,PCECD#509,Wrestling Universe - Fire Pro Joshi - Dome Choujo Taisen - Zenjo vs. JWP (Japan),搏斗宇宙 憧夢超女大戦　～全女　ｖｓ　ＪＷＰ～ （日版）,https://data.yang2000ling.com/img/pcecd_200/PCECD509.jpg
pcecd,PCECD#510,Xak (Japan),Xak（日版）,https://data.yang2000ling.com/img/pcecd_200/PCECD510.jpg
pcecd,PCECD#511,Xak III - The Eternal Recurrence (Japan),Xak III 永恒的重现 （日版）,https://data.yang2000ling.com/img/pcecd_200/PCECD511.jpg
pcecd,PCECD#512,Yamamura Misa Suspense - Kinsenka Kyouezara Satsujin Jiken (Japan),山村美纱推理游戏 - 金盞花京絵皿殺人事件 （日版）,https://data.yang2000ling.com/img/pcecd_200/PCECD512.jpg
pcecd,PCECD#513,Yami no Ketsuzoku - Harukanaru Kioku (Japan),黑暗的血族～遥远的记忆 （日版）,https://data.yang2000ling.com/img/pcecd_200/PCECD513.jpg
pcecd,PCECD#514,YaWaRa! 2 - A Fashionable Judo Girl! (Japan),以柔克刚2 时尚柔道女孩 （日版）,https://data.yang2000ling.com/img/pcecd_200/PCECD514.jpg
pcecd,PCECD#515,YaWaRa! A Fashionable Judo Girl! (Japan),以柔克刚 时尚柔道女孩 （日版）,https://data.yang2000ling.com/img/pcecd_200/PCECD515.jpg
pcecd,PCECD#516,Yokoyama Mitsuteru Shin Sangokushi - Tenka wa Ware ni (Japan),橫山光辉三国志 （日版）,https://data.yang2000ling.com/img/pcecd_200/PCECD516.jpg
pcecd,PCECD#517,Ys Book I & II (USA),伊苏1+2 （美版）,https://data.yang2000ling.com/img/pcecd_200/PCECD517.jpg
pcecd,PCECD#518,Ys I & II (Japan),伊苏1+2 （日版）,https://data.yang2000ling.com/img/pcecd_200/PCECD517.jpg
pcecd,PCECD#519,Ys I & II (Japan) (Alt),伊苏1+2 （日版） (Alt),https://data.yang2000ling.com/img/pcecd_200/PCECD517.jpg
pcecd,PCECD#520,Ys III (Japan),伊苏3 （日版）,https://data.yang2000ling.com/img/pcecd_200/PCECD521.jpg
pcecd,PCECD#521,Ys III - Wanderers from Ys (USA),伊苏3 来自伊苏的漂泊者 （美版）,https://data.yang2000ling.com/img/pcecd_200/PCECD521.jpg
pcecd,PCECD#522,Ys IV - The Dawn of Ys (Japan) (Rev 3),伊苏4:伊苏国的黎明 （日版） （修正版 3）,https://data.yang2000ling.com/img/pcecd_200/PCECD522.jpg
pcecd,PCECD#523,Ys IV - The Dawn of Ys (Japan) (Rev 4),伊苏4:伊苏国的黎明 （日版） （修正版 4）,https://data.yang2000ling.com/img/pcecd_200/PCECD522.jpg
pcecd,PCECD#524,Yuu Yuu Hakusho - Yami Shoubu!! Ankoku Bujutsu-kai (Japan),幽游白书 （日版）,https://data.yang2000ling.com/img/pcecd_200/PCECD524.jpg
pcecd,PCECD#525,Zan - Kagerou no Toki (Japan),斩-炎阳之时代 （日版）,https://data.yang2000ling.com/img/pcecd_200/PCECD525.jpg
pcecd,PCECD#526,Zero 4 Champ II (Japan),房车大赛2 （日版）,https://data.yang2000ling.com/img/pcecd_200/PCECD526.jpg
pcecd,PCECD#527,Zero Wing (Japan),零翼战机 （日版）,https://data.yang2000ling.com/img/pcecd_200/PCECD527.jpg
