serial,name,region
NO7P,"007 - The World Is Not Enough (Europe) (En,Fr,De)",Europe
NO7P,"007 - The World Is Not Enough (Europe) (En,Fr,De)",Europe
NO7E,"007 - The World Is Not Enough (Europe) (En,Fr,De) (Beta)",Europe
NO7E,"007 - The World Is Not Enough (Europe) (En,Fr,De) (Beta)",Europe
NO7E,007 - The World Is Not Enough (USA),USA
NO7E,007 - The World Is Not Enough (USA),USA
NM4E,007 - The World Is Not Enough (USA) (Beta 1),USA
NM4E,007 - The World Is Not Enough (USA) (Beta 1),USA
NO7E,007 - The World Is Not Enough (USA) (Beta 2),USA
NO7E,007 - The World Is Not Enough (USA) (Beta 2),USA
NTEP,"1080 Snowboarding (Europe) (En,Ja,Fr,De)",Europe
NTEP,"1080 Snowboarding (Europe) (En,Ja,Fr,De)",Europe
NTEA,"1080 Snowboarding (Japan, USA) (En,Ja)",Japan
NTEA,"1080 Snowboarding (Japan, USA) (En,Ja)",Japan
N4WX,"40 Winks (Europe) (En,Es,It) (Proto)",Europe
N4WX,"40 Winks (Europe) (En,Es,It) (Proto)",Europe
N4WZ,"40 Winks (Europe) (En,Fr,Es) (Piko Interactive)",Europe
N4WZ,"40 Winks (Europe) (En,Fr,Es) (Piko Interactive)",Europe
N4WE,40 Winks (USA) (Piko Interactive),USA
N4WE,40 Winks (USA) (Piko Interactive),USA
N4WZ,40 Winks (USA) (Proto),USA
N4WZ,40 Winks (USA) (Proto),USA
NHFJ,64 Hanafuda - Tenshi no Yakusoku (Japan),Japan
NHFJ,64 Hanafuda - Tenshi no Yakusoku (Japan),Japan
NOSJ,64 Oozumou (Japan),Japan
NOSJ,64 Oozumou (Japan),Japan
NO2J,64 Oozumou 2 (Japan),Japan
NO2J,64 Oozumou 2 (Japan),Japan
NTCJ,64 Trump Collection - Alice no Wakuwaku Trump World (Japan),Japan
NTCJ,64 Trump Collection - Alice no Wakuwaku Trump World (Japan),Japan
NTWJ,64 de Hakken!! Tamagotchi - Minna de Tamagotchi World (Japan),Japan
NTWJ,64 de Hakken!! Tamagotchi - Minna de Tamagotchi World (Japan),Japan
NS3J,AI Shougi 3 (Japan),Japan
NS3J,AI Shougi 3 (Japan),Japan
NSAP,"AeroFighters Assault (Europe) (En,Fr,De)",Europe
NSAP,"AeroFighters Assault (Europe) (En,Fr,De)",Europe
NERE,AeroFighters Assault (USA),USA
NERE,AeroFighters Assault (USA),USA
NAGP,"AeroGauge (Europe) (En,Fr,De)",Europe
NAGP,"AeroGauge (Europe) (En,Fr,De)",Europe
NAGJ,AeroGauge (Japan) (Rev 1),Japan
NAGJ,AeroGauge (Japan) (Rev 1),Japan
NAGE,AeroGauge (USA),USA
NAGE,AeroGauge (USA),USA
NAYP,Aidyn Chronicles - The First Mage (Europe),Europe
NAYP,Aidyn Chronicles - The First Mage (Europe),Europe
NAYP,Aidyn Chronicles - The First Mage (Europe) (Beta),Europe
NAYP,Aidyn Chronicles - The First Mage (Europe) (Beta),Europe
NAYP,Aidyn Chronicles - The First Mage (Europe) (Beta),Europe
NAYP,Aidyn Chronicles - The First Mage (Europe) (Beta),Europe
NAYE,Aidyn Chronicles - The First Mage (USA),USA
NAYE,Aidyn Chronicles - The First Mage (USA),USA
NAYE,Aidyn Chronicles - The First Mage (USA) (Rev 1),USA
NAYE,Aidyn Chronicles - The First Mage (USA) (Rev 1),USA
NABJ,Air Boarder 64 (Japan),Japan
NABJ,Air Boarder 64 (Japan),Japan
NABP,Airboarder 64 (Europe),Europe
NABP,Airboarder 64 (Europe),Europe
ND3J,Akumajou Dracula Mokushiroku - Real Action Adventure (Japan),Japan
ND3J,Akumajou Dracula Mokushiroku - Real Action Adventure (Japan),Japan
ND4J,Akumajou Dracula Mokushiroku Gaiden - Legend of Cornell (Japan),Japan
ND4J,Akumajou Dracula Mokushiroku Gaiden - Legend of Cornell (Japan),Japan
NTNP,"All Star Tennis '99 (Europe) (En,Fr,De,Es,It)",Europe
NTNP,"All Star Tennis '99 (Europe) (En,Fr,De,Es,It)",Europe
NTNE,All Star Tennis 99 (USA),USA
NTNE,All Star Tennis 99 (USA),USA
NBEP,All-Star Baseball 2000 (Europe),Europe
NBEP,All-Star Baseball 2000 (Europe),Europe
NBEE,All-Star Baseball 2000 (USA),USA
NBEE,All-Star Baseball 2000 (USA),USA
NASE,All-Star Baseball 2001 (USA),USA
NASE,All-Star Baseball 2001 (USA),USA
NBSP,All-Star Baseball 99 (Europe),Europe
NBSP,All-Star Baseball 99 (Europe),Europe
NBSE,All-Star Baseball 99 (USA),USA
NBSE,All-Star Baseball 99 (USA),USA
NARP,Armorines - Project S.W.A.R.M. (Europe),Europe
NARP,Armorines - Project S.W.A.R.M. (Europe),Europe
NARD,Armorines - Project S.W.A.R.M. (Germany),Germany
NARD,Armorines - Project S.W.A.R.M. (Germany),Germany
NARE,Armorines - Project S.W.A.R.M. (USA),USA
NARE,Armorines - Project S.W.A.R.M. (USA),USA
NACE,Army Men - Air Combat (USA),USA
NACE,Army Men - Air Combat (USA),USA
NAMP,"Army Men - Sarge's Heroes (Europe) (En,Fr,De)",Europe
NAMP,"Army Men - Sarge's Heroes (Europe) (En,Fr,De)",Europe
NAME,Army Men - Sarge's Heroes (USA),USA
NAME,Army Men - Sarge's Heroes (USA),USA
N32E,Army Men - Sarge's Heroes 2 (USA),USA
N32E,Army Men - Sarge's Heroes 2 (USA),USA
NAHE,Asteroids Hyper 64 (USA),USA
NAHE,Asteroids Hyper 64 (USA),USA
NLCP,Automobili Lamborghini (Europe),Europe
NLCP,Automobili Lamborghini (Europe),Europe
NLCE,Automobili Lamborghini (USA),USA
NLCE,Automobili Lamborghini (USA),USA
NBMJ,Baku Bomberman (Japan),Japan
NBMJ,Baku Bomberman (Japan),Japan
NBVJ,Baku Bomberman 2 (Japan),Japan
NBVJ,Baku Bomberman 2 (Japan),Japan
NBNJ,Bakuretsu Muteki Bangaioh (Japan),Japan
NBNJ,Bakuretsu Muteki Bangaioh (Japan),Japan
NBJJ,Bakushou Jinsei 64 - Mezase! Resort Ou (Japan),Japan
NBJJ,Bakushou Jinsei 64 - Mezase! Resort Ou (Japan),Japan
NBKJ,Banjo to Kazooie no Daibouken (Japan),Japan
NBKJ,Banjo to Kazooie no Daibouken (Japan),Japan
NB7J,Banjo to Kazooie no Daibouken 2 (Japan),Japan
NB7J,Banjo to Kazooie no Daibouken 2 (Japan),Japan
NBKP,"Banjo-Kazooie (Europe) (En,Fr,De)",Europe
NBKP,"Banjo-Kazooie (Europe) (En,Fr,De)",Europe
NBKE,Banjo-Kazooie (USA),USA
NBKE,Banjo-Kazooie (USA),USA
NBKE,Banjo-Kazooie (USA) (Rev 1),USA
NBKE,Banjo-Kazooie (USA) (Rev 1),USA
NB7U,Banjo-Tooie (Australia),Australia
NB7U,Banjo-Tooie (Australia),Australia
NB7P,"Banjo-Tooie (Europe) (En,Fr,De,Es)",Europe
NB7P,"Banjo-Tooie (Europe) (En,Fr,De,Es)",Europe
NB7E,Banjo-Tooie (USA),USA
NB7E,Banjo-Tooie (USA),USA
NVBJ,Bass Rush - ECOGEAR PowerWorm Championship (Japan),Japan
NVBJ,Bass Rush - ECOGEAR PowerWorm Championship (Japan),Japan
NB4E,Bassmasters 2000 (USA),USA
NB4E,Bassmasters 2000 (USA),USA
!none!,Bassmasters 2000 (USA) (Beta),USA
NJQE,Batman Beyond - Return of the Joker (USA),USA
NJQE,Batman Beyond - Return of the Joker (USA),USA
NJQP,"Batman of the Future - Return of the Joker (Europe) (En,Fr,De)",Europe
NJQP,"Batman of the Future - Return of the Joker (Europe) (En,Fr,De)",Europe
NBXE,BattleTanx (USA),USA
NBXE,BattleTanx (USA),USA
NBQP,"BattleTanx - Global Assault (Europe) (En,Fr,De)",Europe
NBQP,"BattleTanx - Global Assault (Europe) (En,Fr,De)",Europe
NBQE,BattleTanx - Global Assault (USA),USA
NBQE,BattleTanx - Global Assault (USA),USA
NZOE,Battlezone - Rise of the Black Dogs (USA),USA
NZOE,Battlezone - Rise of the Black Dogs (USA),USA
NNSP,"Beetle Adventure Racing! (Europe) (En,Fr,De)",Europe
NNSP,"Beetle Adventure Racing! (Europe) (En,Fr,De)",Europe
NB8J,Beetle Adventure Racing! (Japan),Japan
NB8J,Beetle Adventure Racing! (Japan),Japan
NNSE,"Beetle Adventure Racing! (USA) (En,Fr,De)",USA
NNSE,"Beetle Adventure Racing! (USA) (En,Fr,De)",USA
NMUE,Big Mountain 2000 (USA),USA
NMUE,Big Mountain 2000 (USA),USA
NBFP,Bio F.R.E.A.K.S. (Europe),Europe
NBFP,Bio F.R.E.A.K.S. (Europe),Europe
NBFE,Bio F.R.E.A.K.S. (USA),USA
NBFE,Bio F.R.E.A.K.S. (USA),USA
NB5J,Biohazard 2 (Japan),Japan
NB5J,Biohazard 2 (Japan),Japan
NBCP,"Blast Corps (Europe) (En,De)",Europe
NBCP,"Blast Corps (Europe) (En,De)",Europe
NBCE,Blast Corps (USA),USA
NBCE,Blast Corps (USA),USA
NBCE,Blast Corps (USA) (Rev 1),USA
NBCE,Blast Corps (USA) (Rev 1),USA
NBCJ,Blastdozer (Japan),Japan
NBCJ,Blastdozer (Japan),Japan
NBPP,"Blues Brothers 2000 (Europe) (En,Fr,De,Es,It,Nl)",Europe
NBPP,"Blues Brothers 2000 (Europe) (En,Fr,De,Es,It,Nl)",Europe
NBPE,Blues Brothers 2000 (USA),USA
NBPE,Blues Brothers 2000 (USA),USA
NBHP,"Body Harvest (Europe) (En,Fr,De)",Europe
NBHP,"Body Harvest (Europe) (En,Fr,De)",Europe
NBHE,Body Harvest (USA),USA
NBHE,Body Harvest (USA),USA
NYWJ,Bokujou Monogatari 2 (Japan),Japan
NYWJ,Bokujou Monogatari 2 (Japan),Japan
NYWJ,Bokujou Monogatari 2 (Japan) (Rev 1),Japan
NYWJ,Bokujou Monogatari 2 (Japan) (Rev 1),Japan
NYWJ,Bokujou Monogatari 2 (Japan) (Rev 2),Japan
NYWJ,Bokujou Monogatari 2 (Japan) (Rev 2),Japan
NBMP,Bomberman 64 (Europe),Europe
NBMP,Bomberman 64 (Europe),Europe
NBME,Bomberman 64 (USA),USA
NBME,Bomberman 64 (USA),USA
NBVE,Bomberman 64 - The Second Attack! (USA),USA
NBVE,Bomberman 64 - The Second Attack! (USA),USA
NBDP,Bomberman Hero (Europe),Europe
NBDP,Bomberman Hero (Europe),Europe
NBDE,Bomberman Hero (USA),USA
NBDE,Bomberman Hero (USA),USA
NBDJ,Bomberman Hero - Mirian Oujo o Sukue! (Japan),Japan
NBDJ,Bomberman Hero - Mirian Oujo o Sukue! (Japan),Japan
NBOE,Bottom of the 9th (USA),USA
NBOE,Bottom of the 9th (USA),USA
NOWE,Brunswick Circuit Pro Bowling (USA),USA
NOWE,Brunswick Circuit Pro Bowling (USA),USA
NBLP,"Buck Bumble (Europe) (En,Fr,De,Es,It)",Europe
NBLP,"Buck Bumble (Europe) (En,Fr,De,Es,It)",Europe
NBLJ,Buck Bumble (Japan),Japan
NBLJ,Buck Bumble (Japan),Japan
NBLE,Buck Bumble (USA),USA
NBLE,Buck Bumble (USA),USA
NBYP,"Bug's Life, A (Europe)",Europe
NBYP,"Bug's Life, A (Europe)",Europe
NBYF,"Bug's Life, A (France)",France
NBYF,"Bug's Life, A (France)",France
NBYD,"Bug's Life, A (Germany)",Germany
NBYD,"Bug's Life, A (Germany)",Germany
NBYI,"Bug's Life, A (Italy)",Italy
NBYI,"Bug's Life, A (Italy)",Italy
NBYE,"Bug's Life, A (USA)",USA
NBYE,"Bug's Life, A (USA)",USA
NB3E,Bust-A-Move '99 (USA),USA
NB3E,Bust-A-Move '99 (USA),USA
NBUP,Bust-A-Move 2 - Arcade Edition (Europe),Europe
NBUP,Bust-A-Move 2 - Arcade Edition (Europe),Europe
NBUE,Bust-A-Move 2 - Arcade Edition (USA),USA
NBUE,Bust-A-Move 2 - Arcade Edition (USA),USA
NB3P,Bust-A-Move 3 DX (Europe),Europe
NB3P,Bust-A-Move 3 DX (Europe),Europe
NB3E,Bust-A-Move 3 DX (USA) (Beta),USA
NB3E,Bust-A-Move 3 DX (USA) (Beta),USA
NCLP,"California Speed (Europe) (En,Fr,De,Es,It) (Proto)",Europe
NCLP,"California Speed (Europe) (En,Fr,De,Es,It) (Proto)",Europe
NCLE,California Speed (USA),USA
NCLE,California Speed (USA),USA
NCDX,"Carmageddon 64 (Europe) (En,Fr,De,Es)",Europe
NCDX,"Carmageddon 64 (Europe) (En,Fr,De,Es)",Europe
NCDY,"Carmageddon 64 (Europe) (En,Fr,Es,It)",Europe
NCDY,"Carmageddon 64 (Europe) (En,Fr,Es,It)",Europe
NCDE,Carmageddon 64 (USA),USA
NCDE,Carmageddon 64 (USA),USA
ND3P,"Castlevania (Europe) (En,Fr,De)",Europe
ND3P,"Castlevania (Europe) (En,Fr,De)",Europe
ND3E,Castlevania (USA),USA
ND3E,Castlevania (USA),USA
ND3E,Castlevania (USA) (Rev 1),USA
ND3E,Castlevania (USA) (Rev 1),USA
ND3E,Castlevania (USA) (Rev 2),USA
ND3E,Castlevania (USA) (Rev 2),USA
ND4P,"Castlevania - Legacy of Darkness (Europe) (En,Fr,De)",Europe
ND4P,"Castlevania - Legacy of Darkness (Europe) (En,Fr,De)",Europe
ND4E,Castlevania - Legacy of Darkness (USA),USA
ND4E,Castlevania - Legacy of Darkness (USA),USA
NTSP,Centre Court Tennis (Europe),Europe
NTSP,Centre Court Tennis (Europe),Europe
NCTP,Chameleon Twist (Europe),Europe
NCTP,Chameleon Twist (Europe),Europe
NCTJ,Chameleon Twist (Japan),Japan
NCTJ,Chameleon Twist (Japan),Japan
NCTE,Chameleon Twist (USA),USA
NCTE,Chameleon Twist (USA),USA
NCTE,Chameleon Twist (USA) (Rev 1),USA
NCTE,Chameleon Twist (USA) (Rev 1),USA
N2VP,Chameleon Twist 2 (Europe),Europe
N2VP,Chameleon Twist 2 (Europe),Europe
NV2J,Chameleon Twist 2 (Japan),Japan
NV2J,Chameleon Twist 2 (Japan),Japan
N2VE,Chameleon Twist 2 (USA),USA
N2VE,Chameleon Twist 2 (USA),USA
NCBP,Charlie Blast's Territory (Europe),Europe
NCBP,Charlie Blast's Territory (Europe),Europe
NCBE,Charlie Blast's Territory (USA),USA
NCBE,Charlie Blast's Territory (USA),USA
NCBE,Charlie Blast's Territory (USA) (Beta),USA
NCBE,Charlie Blast's Territory (USA) (Beta),USA
NCHP,Chopper Attack (Europe),Europe
NCHP,Chopper Attack (Europe),Europe
NCHE,Chopper Attack (USA),USA
NCHE,Chopper Attack (USA),USA
NCRJ,Choro Q 64 (Japan),Japan
NCRJ,Choro Q 64 (Japan),Japan
NCGJ,Choro Q 64 2 - Hacha Mecha Grand Prix Race (Japan),Japan
NCGJ,Choro Q 64 2 - Hacha Mecha Grand Prix Race (Japan),Japan
NPKJ,Chou Kuukan Nighter Pro Yakyuu King (Japan),Japan
NPKJ,Chou Kuukan Nighter Pro Yakyuu King (Japan),Japan
NP2J,Chou Kuukan Nighter Pro Yakyuu King 2 (Japan),Japan
NP2J,Chou Kuukan Nighter Pro Yakyuu King 2 (Japan),Japan
NK2J,Chou Snobo Kids (Japan),Japan
NK2J,Chou Snobo Kids (Japan),Japan
NGTJ,City-Tour GP - Zen-Nihon GT Senshuken (Japan),Japan
NGTJ,City-Tour GP - Zen-Nihon GT Senshuken (Japan),Japan
NC2E,Clay Fighter - Sculptor's Cut (USA),USA
NC2E,Clay Fighter - Sculptor's Cut (USA),USA
NCFP,Clay Fighter 63 1-3 (Europe),Europe
NCFP,Clay Fighter 63 1-3 (Europe),Europe
NCFE,Clay Fighter 63 1-3 (USA),USA
NCFE,Clay Fighter 63 1-3 (USA),USA
NCFE,Clay Fighter 63 1-3 (USA) (Beta),USA
NCFE,Clay Fighter 63 1-3 (USA) (Beta),USA
NCCP,"Command & Conquer (Europe) (En,Fr)",Europe
NCCP,"Command & Conquer (Europe) (En,Fr)",Europe
NCCD,Command & Conquer (Germany),Germany
NCCD,Command & Conquer (Germany),Germany
NCCE,Command & Conquer (USA),USA
NCCE,Command & Conquer (USA),USA
NFUP,Conker's Bad Fur Day (Europe),Europe
NFUP,Conker's Bad Fur Day (Europe),Europe
NFUE,Conker's Bad Fur Day (USA),USA
NFUE,Conker's Bad Fur Day (USA),USA
NFUE,Conker's Bad Fur Day (USA) (Beta) (ECTS 2000),USA
NFUE,Conker's Bad Fur Day (USA) (Beta) (ECTS 2000),USA
NFUE,Conker's Bad Fur Day (USA) (Beta),USA
NFUE,Conker's Bad Fur Day (USA) (Beta),USA
NXOE,Cruis'n Exotica (USA),USA
NXOE,Cruis'n Exotica (USA),USA
NCUP,Cruis'n USA (Europe),Europe
NCUP,Cruis'n USA (Europe),Europe
NCUE,Cruis'n USA (USA),USA
NCUE,Cruis'n USA (USA),USA
NCUE,Cruis'n USA (USA) (Rev 1),USA
NCUE,Cruis'n USA (USA) (Rev 1),USA
NCUE,Cruis'n USA (USA) (Rev 2),USA
NCUE,Cruis'n USA (USA) (Rev 2),USA
NCUE,Cruis'n USA (USA) (Wii Virtual Console),USA
NCUE,Cruis'n USA (USA) (Wii Virtual Console),USA
NCWP,Cruis'n World (Europe),Europe
NCWP,Cruis'n World (Europe),Europe
NCWP,Cruis'n World (Europe) (Rev 1),Europe
NCWP,Cruis'n World (Europe) (Rev 1),Europe
NCWE,Cruis'n World (USA),USA
NCWE,Cruis'n World (USA),USA
NCXJ,Custom Robo (Japan),Japan
NCXJ,Custom Robo (Japan),Japan
NCZJ,Custom Robo V2 (Japan),Japan
NCZJ,Custom Robo V2 (Japan),Japan
NCZJ,Custom Robo V2 (Japan) (Beta) (Debug),Japan
NCZJ,Custom Robo V2 (Japan) (Beta) (Debug),Japan
NT4P,CyberTiger (Europe),Europe
NT4P,CyberTiger (Europe),Europe
NT4E,CyberTiger (USA),USA
NT4E,CyberTiger (USA),USA
NDUP,"Daffy Duck Starring as Duck Dodgers (Europe) (En,Fr,De,Es,It,Nl)",Europe
NDUP,"Daffy Duck Starring as Duck Dodgers (Europe) (En,Fr,De,Es,It,Nl)",Europe
NDFJ,Dance Dance Revolution - Disney Dancing Museum (Japan),Japan
NDFJ,Dance Dance Revolution - Disney Dancing Museum (Japan),Japan
NDKP,Dark Rift (Europe),Europe
NDKP,Dark Rift (Europe),Europe
NDKE,Dark Rift (USA),USA
NDKE,Dark Rift (USA),USA
NGAE,Deadly Arts (USA),USA
NGAE,Deadly Arts (USA),USA
NMTF,Defi au Tetris Magique (France),France
NMTF,Defi au Tetris Magique (France),France
ND6J,Densha de Go! 64 (Japan),Japan
ND6J,Densha de Go! 64 (Japan),Japan
NDAJ,Derby Stallion 64 (Japan),Japan
NDAJ,Derby Stallion 64 (Japan),Japan
NDEP,"Destruction Derby 64 (Europe) (En,Fr,De)",Europe
NDEP,"Destruction Derby 64 (Europe) (En,Fr,De)",Europe
NDEE,Destruction Derby 64 (USA),USA
NDEE,Destruction Derby 64 (USA),USA
CDZJ,Dezaemon 3D (Japan),Japan
CDZJ,Dezaemon 3D (Japan),Japan
NDYP,"Diddy Kong Racing (Europe) (En,Fr,De)",Europe
NDYP,"Diddy Kong Racing (Europe) (En,Fr,De)",Europe
NDYP,"Diddy Kong Racing (Europe) (En,Fr,De) (Rev 1)",Europe
NDYP,"Diddy Kong Racing (Europe) (En,Fr,De) (Rev 1)",Europe
NDYJ,Diddy Kong Racing (Japan),Japan
NDYJ,Diddy Kong Racing (Japan),Japan
NDYE,"Diddy Kong Racing (USA) (En,Fr)",USA
NDYE,"Diddy Kong Racing (USA) (En,Fr)",USA
NDYE,"Diddy Kong Racing (USA) (En,Fr) (Rev 1)",USA
NDYE,"Diddy Kong Racing (USA) (En,Fr) (Rev 1)",USA
NDPE,Dinosaur Planet (USA) (Proto),USA
NDPE,Dinosaur Planet (USA) (Proto),USA
NDQE,"Donald Duck - Goin' Quackers (USA) (En,Fr,De,Es,It)",USA
NDQE,"Donald Duck - Goin' Quackers (USA) (En,Fr,De,Es,It)",USA
NDQP,"Donald Duck - Quack Attack (Europe) (En,Fr,De,Es,It)",Europe
NDOP,"Donkey Kong 64 (Europe) (En,Fr,De,Es)",Europe
NDOP,"Donkey Kong 64 (Europe) (En,Fr,De,Es)",Europe
NDOJ,Donkey Kong 64 (Japan),Japan
NDOJ,Donkey Kong 64 (Japan),Japan
NDOE,Donkey Kong 64 (USA),USA
NDOE,Donkey Kong 64 (USA),USA
NDMP,Doom 64 (Europe),Europe
NDMP,Doom 64 (Europe),Europe
NDMJ,Doom 64 (Japan),Japan
NDMJ,Doom 64 (Japan),Japan
NDME,Doom 64 (USA),USA
NDME,Doom 64 (USA),USA
NDME,Doom 64 (USA) (Rev 1),USA
NDME,Doom 64 (USA) (Rev 1),USA
NDRJ,Doraemon - Nobita to 3tsu no Seireiseki (Japan),Japan
NDRJ,Doraemon - Nobita to 3tsu no Seireiseki (Japan),Japan
ND2J,Doraemon 2 - Nobita to Hikari no Shinden (Japan),Japan
ND2J,Doraemon 2 - Nobita to Hikari no Shinden (Japan),Japan
N3DJ,Doraemon 3 - Nobita no Machi SOS! (Japan),Japan
N3DJ,Doraemon 3 - Nobita no Machi SOS! (Japan),Japan
NAFJ,Doubutsu no Mori (Japan),Japan
NAFJ,Doubutsu no Mori (Japan),Japan
NN6E,Dr. Mario 64 (USA),USA
NN6E,Dr. Mario 64 (USA),USA
MGVP,Dragon Sword 64 (Europe) (Proto),Europe
MGVP,Dragon Sword 64 (Europe) (Proto),Europe
NDHP,Dual Heroes (Europe),Europe
NDHP,Dual Heroes (Europe),Europe
NDHJ,Dual Heroes (Japan),Japan
NDHJ,Dual Heroes (Japan),Japan
NDHE,Dual Heroes (USA),USA
NDHE,Dual Heroes (USA),USA
NDUE,"Duck Dodgers Starring Daffy Duck (USA) (En,Fr,Es)",USA
NDUE,"Duck Dodgers Starring Daffy Duck (USA) (En,Fr,Es)",USA
NDZP,Duke Nukem - Zero Hour (Europe),Europe
NDZP,Duke Nukem - Zero Hour (Europe),Europe
NDZF,Duke Nukem - Zero Hour (France),France
NDZF,Duke Nukem - Zero Hour (France),France
NDZE,Duke Nukem - Zero Hour (USA),USA
NDZE,Duke Nukem - Zero Hour (USA),USA
NDZE,Duke Nukem - Zero Hour (USA) (Beta),USA
NDZE,Duke Nukem - Zero Hour (USA) (Beta),USA
NDNP,Duke Nukem 64 (Europe),Europe
NDNP,Duke Nukem 64 (Europe),Europe
NMSE,Duke Nukem 64 (Europe) (Beta),Europe
NMSE,Duke Nukem 64 (Europe) (Beta),Europe
NDNF,Duke Nukem 64 (France),France
NDNF,Duke Nukem 64 (France),France
NDNE,Duke Nukem 64 (USA),USA
NDNE,Duke Nukem 64 (USA),USA
NWIP,ECW Hardcore Revolution (Europe),Europe
NWIP,ECW Hardcore Revolution (Europe),Europe
NWID,ECW Hardcore Revolution (Germany),Germany
NWID,ECW Hardcore Revolution (Germany),Germany
NWIE,ECW Hardcore Revolution (USA),USA
NWIE,ECW Hardcore Revolution (USA),USA
NJMP,"Earthworm Jim 3D (Europe) (En,Fr,De,Es,It)",Europe
NJMP,"Earthworm Jim 3D (Europe) (En,Fr,De,Es,It)",Europe
NJME,Earthworm Jim 3D (USA),USA
NJME,Earthworm Jim 3D (USA),USA
NSTJ,Eikou no Saint Andrews (Japan),Japan
NSTJ,Eikou no Saint Andrews (Japan),Japan
NETJ,Eltale Monsters (Japan),Japan
NETJ,Eltale Monsters (Japan),Japan
NMXP,Excitebike 64 (Europe),Europe
NMXP,Excitebike 64 (Europe),Europe
NMXJ,Excitebike 64 (Japan),Japan
NMXJ,Excitebike 64 (Japan),Japan
NMXE,Excitebike 64 (USA),USA
NMXE,Excitebike 64 (USA),USA
NMXE,Excitebike 64 (USA) (Rev 1),USA
NMXE,Excitebike 64 (USA) (Rev 1),USA
NEGP,"Extreme-G (Europe) (En,Fr,De,Es,It)",Europe
NEGP,"Extreme-G (Europe) (En,Fr,De,Es,It)",Europe
NEGJ,Extreme-G (Japan),Japan
NEGJ,Extreme-G (Japan),Japan
NEGE,Extreme-G (USA),USA
NEGE,Extreme-G (USA),USA
NG2P,"Extreme-G XG2 (Europe) (En,Fr,De,Es,It)",Europe
NG2P,"Extreme-G XG2 (Europe) (En,Fr,De,Es,It)",Europe
NG2J,Extreme-G XG2 (Japan),Japan
NG2J,Extreme-G XG2 (Japan),Japan
NG2E,Extreme-G XG2 (USA),USA
NG2E,Extreme-G XG2 (USA),USA
NFWP,F-1 World Grand Prix (Europe),Europe
NFWP,F-1 World Grand Prix (Europe),Europe
NFWP,F-1 World Grand Prix (Europe) (Beta),Europe
NFWP,F-1 World Grand Prix (Europe) (Beta),Europe
NFWF,F-1 World Grand Prix (France),France
NFWF,F-1 World Grand Prix (France),France
NFWD,F-1 World Grand Prix (Germany),Germany
NFWD,F-1 World Grand Prix (Germany),Germany
NFWJ,F-1 World Grand Prix (Japan),Japan
NFWJ,F-1 World Grand Prix (Japan),Japan
NFWE,F-1 World Grand Prix (USA),USA
NFWE,F-1 World Grand Prix (USA),USA
NF2P,"F-1 World Grand Prix II (Europe) (En,Fr,De,Es)",Europe
NF2P,"F-1 World Grand Prix II (Europe) (En,Fr,De,Es)",Europe
NFZP,F-Zero X (Europe),Europe
NFZP,F-Zero X (Europe),Europe
CFZJ,F-Zero X (Japan),Japan
CFZJ,F-Zero X (Japan),Japan
CFZE,F-Zero X (USA),USA
CFZE,F-Zero X (USA),USA
CFZE,F-Zero X (USA) (Beta) (The Legend of Zelda - Ocarina of Time leftover data),USA
CFZE,F-Zero X (USA) (Beta) (The Legend of Zelda - Ocarina of Time leftover data),USA
NHGP,"F1 Pole Position 64 (Europe) (En,Fr,De)",Europe
NHGP,"F1 Pole Position 64 (Europe) (En,Fr,De)",Europe
NHGE,"F1 Pole Position 64 (USA) (En,Fr,De)",USA
NHGE,"F1 Pole Position 64 (USA) (En,Fr,De)",USA
NFRE,"F1 Racing Championship (Brazil) (En,Fr)",Brazil
NFRE,"F1 Racing Championship (Brazil) (En,Fr)",Brazil
NFRP,"F1 Racing Championship (Europe) (En,Fr,De,Es,It)",Europe
NFRP,"F1 Racing Championship (Europe) (En,Fr,De,Es,It)",Europe
NMGE,F1 Racing Championship (USA) (Beta),USA
NMGE,F1 Racing Championship (USA) (Beta),USA
N8IP,"FIFA - Road to World Cup 98 (Europe) (En,Fr,De,Es,It,Nl,Sv)",Europe
N8IP,"FIFA - Road to World Cup 98 (Europe) (En,Fr,De,Es,It,Nl,Sv)",Europe
N8IE,"FIFA - Road to World Cup 98 (USA) (En,Fr,De,Es,It,Nl,Sv)",USA
N8IE,"FIFA - Road to World Cup 98 (USA) (En,Fr,De,Es,It,Nl,Sv)",USA
N8IJ,FIFA - Road to World Cup 98 - World Cup e no Michi (Japan),Japan
N8IJ,FIFA - Road to World Cup 98 - World Cup e no Michi (Japan),Japan
N7IP,"FIFA 64 (Europe) (En,Fr,De)",Europe
N7IP,"FIFA 64 (Europe) (En,Fr,De)",Europe
N9FP,"FIFA 99 (Europe) (En,Fr,De,Es,It,Nl,Pt,Sv)",Europe
N9FP,"FIFA 99 (Europe) (En,Fr,De,Es,It,Nl,Pt,Sv)",Europe
N9FE,"FIFA 99 (USA) (En,Fr,De,Es,It,Nl,Pt,Sv)",USA
N9FE,"FIFA 99 (USA) (En,Fr,De,Es,It,Nl,Pt,Sv)",USA
N7IE,"FIFA Soccer 64 (USA) (En,Fr,De)",USA
N7IE,"FIFA Soccer 64 (USA) (En,Fr,De)",USA
NFSJ,Famista 64 (Japan),Japan
NFSJ,Famista 64 (Japan),Japan
NFGE,Fighter Destiny 2 (USA),USA
NFGE,Fighter Destiny 2 (USA),USA
NKAP,Fighters Destiny (Europe),Europe
NKAP,Fighters Destiny (Europe),Europe
NKAF,Fighters Destiny (France),France
NKAF,Fighters Destiny (France),France
NKAD,Fighters Destiny (Germany),Germany
NKAD,Fighters Destiny (Germany),Germany
NKAE,Fighters Destiny (USA),USA
NKAE,Fighters Destiny (USA),USA
NKAJ,Fighting Cup (Japan),Japan
NKAJ,Fighting Cup (Japan),Japan
NFFP,Fighting Force 64 (Europe),Europe
NFFP,Fighting Force 64 (Europe),Europe
NFFE,Fighting Force 64 (USA),USA
NFFE,Fighting Force 64 (USA),USA
NFDP,Flying Dragon (Europe),Europe
NFDP,Flying Dragon (Europe),Europe
NFDE,Flying Dragon (USA),USA
NFDE,Flying Dragon (USA),USA
NFOP,"Forsaken (Europe) (En,Fr,Es,It)",Europe
NFOP,"Forsaken (Europe) (En,Fr,Es,It)",Europe
NFOD,Forsaken (Germany),Germany
NFOD,Forsaken (Germany),Germany
NFOE,Forsaken 64 (USA),USA
NFOE,Forsaken 64 (USA),USA
NF9E,Fox Sports College Hoops '99 (USA),USA
NF9E,Fox Sports College Hoops '99 (USA),USA
NGVE,Frogger 2 (USA) (Proto 1),USA
NGVE,Frogger 2 (USA) (Proto 1),USA
NGVE,Frogger 2 (USA) (Proto 2),USA
NGVE,Frogger 2 (USA) (Proto 2),USA
NGVE,Frogger 2 (USA) (Proto 3),USA
NGVE,Frogger 2 (USA) (Proto 3),USA
NGVE,Frogger 2 (USA) (Proto 4),USA
NGVE,Frogger 2 (USA) (Proto 4),USA
NSIJ,Fushigi no Dungeon - Fuurai no Shiren 2 - Oni Shuurai! Shiren Jou! (Japan),Japan
NSIJ,Fushigi no Dungeon - Fuurai no Shiren 2 - Oni Shuurai! Shiren Jou! (Japan),Japan
NGAP,G.A.S.P!! Fighters' NEXTream (Europe),Europe
NGAP,G.A.S.P!! Fighters' NEXTream (Europe),Europe
NGAJ,G.A.S.P!! Fighters' NEXTream (Japan),Japan
NGAJ,G.A.S.P!! Fighters' NEXTream (Japan),Japan
NGCP,"GT 64 - Championship Edition (Europe) (En,Fr,De)",Europe
NGCP,"GT 64 - Championship Edition (Europe) (En,Fr,De)",Europe
NGCE,GT 64 - Championship Edition (USA),USA
NGCE,GT 64 - Championship Edition (USA),USA
NG6J,Ganbare Goemon - Dero Dero Douchuu Obake Tenkomori (Japan),Japan
NG6J,Ganbare Goemon - Dero Dero Douchuu Obake Tenkomori (Japan),Japan
NG5J,Ganbare Goemon - Neo Momoyama Bakufu no Odori (Japan),Japan
NG5J,Ganbare Goemon - Neo Momoyama Bakufu no Odori (Japan),Japan
NG5J,Ganbare Goemon - Neo Momoyama Bakufu no Odori (Japan) (Rev 1),Japan
NG5J,Ganbare Goemon - Neo Momoyama Bakufu no Odori (Japan) (Rev 1),Japan
N3HJ,Ganbare! Nippon! Olympics 2000 (Japan),Japan
N3HJ,Ganbare! Nippon! Olympics 2000 (Japan),Japan
NGXP,Gauntlet Legends (Europe),Europe
NGXP,Gauntlet Legends (Europe),Europe
NGDJ,Gauntlet Legends (Japan),Japan
NGDJ,Gauntlet Legends (Japan),Japan
NGXE,Gauntlet Legends (USA),USA
NGXE,Gauntlet Legends (USA),USA
NGLJ,Getter Love!! - Cho Renai Party Game Tanjou (Japan),Japan
NGLJ,Getter Love!! - Cho Renai Party Game Tanjou (Japan),Japan
NX3P,"Gex 3 - Deep Cover Gecko (Europe) (En,Es,It)",Europe
NX3P,"Gex 3 - Deep Cover Gecko (Europe) (En,Es,It)",Europe
NX3X,"Gex 3 - Deep Cover Gecko (Europe) (Fr,De)",Europe
NX3X,"Gex 3 - Deep Cover Gecko (Europe) (Fr,De)",Europe
NX3E,Gex 3 - Deep Cover Gecko (USA),USA
NX3E,Gex 3 - Deep Cover Gecko (USA),USA
NX2P,Gex 64 - Enter the Gecko (Europe),Europe
NX2P,Gex 64 - Enter the Gecko (Europe),Europe
NX2E,Gex 64 - Enter the Gecko (USA),USA
NX2E,Gex 64 - Enter the Gecko (USA),USA
NGVP,"Glover (Europe) (En,Fr,De)",Europe
NGVP,"Glover (Europe) (En,Fr,De)",Europe
NGVE,Glover (USA),USA
NGVE,Glover (USA),USA
NGVE,"Glover (USA) (En,Fr,De) (Limited Run Games)",USA
NGVE,"Glover (USA) (En,Fr,De) (Limited Run Games)",USA
NGVE,Glover 2 (USA) (Proto 1),USA
NGVE,Glover 2 (USA) (Proto 1),USA
NGPJ,Goemon - Mononoke Sugoroku (Japan),Japan
NGPJ,Goemon - Mononoke Sugoroku (Japan),Japan
NGME,Goemon's Great Adventure (USA),USA
NGME,Goemon's Great Adventure (USA),USA
NGNE,Golden Nugget 64 (USA),USA
NGNE,Golden Nugget 64 (USA),USA
NGEP,GoldenEye 007 (Europe),Europe
NGEP,GoldenEye 007 (Europe),Europe
NGEJ,GoldenEye 007 (Japan),Japan
NGEJ,GoldenEye 007 (Japan),Japan
NGEJ,GoldenEye 007 (Japan) (Switch Online),Japan
NGEJ,GoldenEye 007 (Japan) (Switch Online),Japan
NGEE,GoldenEye 007 (USA),USA
NGEE,GoldenEye 007 (USA),USA
NGEE,"GoldenEye 007 (USA, Europe) (Switch Online)",USA
NGEE,"GoldenEye 007 (USA, Europe) (Switch Online)",USA
NNSX,HSV Adventure Racing! (Australia),Australia
NNSX,HSV Adventure Racing! (Australia),Australia
NHSJ,Hamster Monogatari 64 (Japan),Japan
NHSJ,Hamster Monogatari 64 (Japan),Japan
NM9J,Harukanaru Augusta - Masters '98 (Japan),Japan
NM9J,Harukanaru Augusta - Masters '98 (Japan),Japan
NYWE,Harvest Moon 64 (USA),USA
NYWE,Harvest Moon 64 (USA),USA
NHPJ,Heiwa Pachinko World 64 (Japan),Japan
NHPJ,Heiwa Pachinko World 64 (Japan),Japan
NHCP,"Hercules - The Legendary Journeys (Europe) (En,Fr,De,Es,It,Nl)",Europe
NHCP,"Hercules - The Legendary Journeys (Europe) (En,Fr,De,Es,It,Nl)",Europe
NHCE,Hercules - The Legendary Journeys (USA),USA
NHCE,Hercules - The Legendary Journeys (USA),USA
NHCE,Hercules - The Legendary Journeys (USA) (Beta 2),USA
NHCE,Hercules - The Legendary Journeys (USA) (Beta 2),USA
NHXP,Hexen (Europe),Europe
NHXP,Hexen (Europe),Europe
NHXF,Hexen (France),France
NHXF,Hexen (France),France
NHXD,Hexen (Germany),Germany
NHXD,Hexen (Germany),Germany
NHXJ,Hexen (Japan),Japan
NHXJ,Hexen (Japan),Japan
NHXE,Hexen (USA),USA
NHXE,Hexen (USA),USA
NPGE,"Hey You, Pikachu! (USA)",USA
NPGE,"Hey You, Pikachu! (USA)",USA
NHKJ,Hiryuu no Ken Twin (Japan),Japan
NHKJ,Hiryuu no Ken Twin (Japan),Japan
NETP,Holy Magic Century (Europe),Europe
NETP,Holy Magic Century (Europe),Europe
NETF,Holy Magic Century (France),France
NETF,Holy Magic Century (France),France
NETD,Holy Magic Century (Germany),Germany
NETD,Holy Magic Century (Germany),Germany
NK4J,Hoshi no Kirby 64 (Japan),Japan
NK4J,Hoshi no Kirby 64 (Japan),Japan
NK4J,Hoshi no Kirby 64 (Japan) (Rev 1),Japan
NK4J,Hoshi no Kirby 64 (Japan) (Rev 1),Japan
NK4J,Hoshi no Kirby 64 (Japan) (Rev 2),Japan
NK4J,Hoshi no Kirby 64 (Japan) (Rev 2),Japan
NK4J,Hoshi no Kirby 64 (Japan) (Rev 3),Japan
NK4J,Hoshi no Kirby 64 (Japan) (Rev 3),Japan
NHWP,"Hot Wheels - Turbo Racing (Europe) (En,Fr,De)",Europe
NHWP,"Hot Wheels - Turbo Racing (Europe) (En,Fr,De)",Europe
NHWE,Hot Wheels - Turbo Racing (USA),USA
NHWE,Hot Wheels - Turbo Racing (USA),USA
NHGJ,Human Grand Prix - The New Generation (Japan),Japan
NHGJ,Human Grand Prix - The New Generation (Japan),Japan
NHVP,"Hybrid Heaven (Europe) (En,Fr,De)",Europe
NHVP,"Hybrid Heaven (Europe) (En,Fr,De)",Europe
NHYJ,Hybrid Heaven (Japan),Japan
NHYJ,Hybrid Heaven (Japan),Japan
NHVE,Hybrid Heaven (USA),USA
NHVE,Hybrid Heaven (USA),USA
NHTP,Hydro Thunder (Europe),Europe
NHTP,Hydro Thunder (Europe),Europe
NHTF,Hydro Thunder (France),France
NHTF,Hydro Thunder (France),France
NHTE,Hydro Thunder (USA),USA
NHTE,Hydro Thunder (USA),USA
NH5J,Hyper Olympics in Nagano 64 (Japan),Japan
NH5J,Hyper Olympics in Nagano 64 (Japan),Japan
NIMJ,Ide Yosuke no Mahjong Juku (Japan),Japan
NIMJ,Ide Yosuke no Mahjong Juku (Japan),Japan
NWBP,Iggy's Reckin' Balls (Europe),Europe
NWBP,Iggy's Reckin' Balls (Europe),Europe
NWBE,Iggy's Reckin' Balls (USA),USA
NWBE,Iggy's Reckin' Balls (USA),USA
NTUE,Iggy's Reckin' Balls (USA) (Beta),USA
NTUE,Iggy's Reckin' Balls (USA) (Beta),USA
NWBJ,Iggy-kun no Bura Bura Poyon (Japan),Japan
NWBJ,Iggy-kun no Bura Bura Poyon (Japan),Japan
NFHP,In-Fisherman - Bass Hunter 64 (Europe),Europe
NFHP,In-Fisherman - Bass Hunter 64 (Europe),Europe
NFHE,In-Fisherman - Bass Hunter 64 (USA),USA
NFHE,In-Fisherman - Bass Hunter 64 (USA),USA
NIJP,Indiana Jones and the Infernal Machine (Australia) (Proto),Australia
NIJP,Indiana Jones and the Infernal Machine (Australia) (Proto),Australia
NIJE,Indiana Jones and the Infernal Machine (USA),USA
NIJE,Indiana Jones and the Infernal Machine (USA),USA
NICE,Indy Racing 2000 (USA),USA
NICE,Indy Racing 2000 (USA),USA
NWSP,International Superstar Soccer '98 (Europe),Europe
NWSP,International Superstar Soccer '98 (Europe),Europe
!none!,International Superstar Soccer '98 (Europe) (Beta),Europe
NWSE,International Superstar Soccer '98 (USA),USA
NWSE,International Superstar Soccer '98 (USA),USA
NISX,"International Superstar Soccer 2000 (Europe) (En,De)",Europe
NISX,"International Superstar Soccer 2000 (Europe) (En,De)",Europe
NISY,"International Superstar Soccer 2000 (Europe) (Fr,It)",Europe
NISY,"International Superstar Soccer 2000 (Europe) (Fr,It)",Europe
NISE,"International Superstar Soccer 2000 (USA) (En,Es)",USA
NISE,"International Superstar Soccer 2000 (USA) (En,Es)",USA
NISE,"International Superstar Soccer 2000 (USA) (En,Es) (Rev 1)",USA
NISE,"International Superstar Soccer 2000 (USA) (En,Es) (Rev 1)",USA
NJPP,International Superstar Soccer 64 (Europe),Europe
NJPP,International Superstar Soccer 64 (Europe),Europe
NJPE,International Superstar Soccer 64 (USA),USA
NJPE,International Superstar Soccer 64 (USA),USA
N3HP,"International Track & Field - Summer Games (Europe) (En,Fr,De)",Europe
N3HP,"International Track & Field - Summer Games (Europe) (En,Fr,De)",Europe
N3HE,International Track & Field 2000 (USA),USA
N3HE,International Track & Field 2000 (USA),USA
NIBJ,Itoi Shigesato no Bass Tsuri No. 1 Kettei Ban! (Japan),Japan
NIBJ,Itoi Shigesato no Bass Tsuri No. 1 Kettei Ban! (Japan),Japan
NDSJ,J.League Dynamite Soccer 64 (Japan),Japan
NDSJ,J.League Dynamite Soccer 64 (Japan),Japan
NJEJ,J.League Eleven Beat 1997 (Japan),Japan
NJEJ,J.League Eleven Beat 1997 (Japan),Japan
NJLJ,J.League Live 64 (Japan),Japan
NJLJ,J.League Live 64 (Japan),Japan
NSJJ,J.League Tactics Soccer (Japan),Japan
NSJJ,J.League Tactics Soccer (Japan),Japan
NSJJ,J.League Tactics Soccer (Japan) (Rev 1),Japan
NSJJ,J.League Tactics Soccer (Japan) (Rev 1),Japan
NMAJ,Jangou Simulation Mahjong Dou 64 (Japan),Japan
NMAJ,Jangou Simulation Mahjong Dou 64 (Japan),Japan
NJOE,Jeopardy! (USA),USA
NJOE,Jeopardy! (USA),USA
NCOP,Jeremy McGrath Supercross 2000 (Europe),Europe
NCOP,Jeremy McGrath Supercross 2000 (Europe),Europe
NCOE,Jeremy McGrath Supercross 2000 (USA),USA
NCOE,Jeremy McGrath Supercross 2000 (USA),USA
NTUE,Jeremy McGrath Supercross 2000 (USA) (Beta),USA
NTUE,Jeremy McGrath Supercross 2000 (USA) (Beta),USA
NJFP,"Jet Force Gemini (Europe) (En,Fr,De,Es)",Europe
NJFP,"Jet Force Gemini (Europe) (En,Fr,De,Es)",Europe
NJFE,Jet Force Gemini (USA),USA
NJFE,Jet Force Gemini (USA),USA
NGSJ,Jikkyou G1 Stable (Japan),Japan
NGSJ,Jikkyou G1 Stable (Japan),Japan
NGSJ,Jikkyou G1 Stable (Japan) (Rev 1),Japan
NGSJ,Jikkyou G1 Stable (Japan) (Rev 1),Japan
NPSJ,Jikkyou J.League 1999 - Perfect Striker 2 (Japan),Japan
NPSJ,Jikkyou J.League 1999 - Perfect Striker 2 (Japan),Japan
NPSJ,Jikkyou J.League 1999 - Perfect Striker 2 (Japan) (Rev 1),Japan
NPSJ,Jikkyou J.League 1999 - Perfect Striker 2 (Japan) (Rev 1),Japan
NJPJ,Jikkyou J.League Perfect Striker (Japan),Japan
NJPJ,Jikkyou J.League Perfect Striker (Japan),Japan
NPEJ,Jikkyou Powerful Pro Yakyuu - Basic Ban 2001 (Japan),Japan
NPEJ,Jikkyou Powerful Pro Yakyuu - Basic Ban 2001 (Japan),Japan
NPEJ,Jikkyou Powerful Pro Yakyuu - Basic Ban 2001 (Japan) (Rev 1),Japan
NPEJ,Jikkyou Powerful Pro Yakyuu - Basic Ban 2001 (Japan) (Rev 1),Japan
NPAJ,Jikkyou Powerful Pro Yakyuu 2000 (Japan),Japan
NPAJ,Jikkyou Powerful Pro Yakyuu 2000 (Japan),Japan
NPAJ,Jikkyou Powerful Pro Yakyuu 2000 (Japan) (Rev 1),Japan
NPAJ,Jikkyou Powerful Pro Yakyuu 2000 (Japan) (Rev 1),Japan
NP4J,Jikkyou Powerful Pro Yakyuu 4 (Japan),Japan
NP4J,Jikkyou Powerful Pro Yakyuu 4 (Japan),Japan
!none!,Jikkyou Powerful Pro Yakyuu 4 (Japan) (Beta),Japan
NP4J,Jikkyou Powerful Pro Yakyuu 4 (Japan) (Rev 1),Japan
NP4J,Jikkyou Powerful Pro Yakyuu 4 (Japan) (Rev 1),Japan
NJ5J,Jikkyou Powerful Pro Yakyuu 5 (Japan),Japan
NJ5J,Jikkyou Powerful Pro Yakyuu 5 (Japan),Japan
NJ5J,Jikkyou Powerful Pro Yakyuu 5 (Japan) (Rev 1),Japan
NJ5J,Jikkyou Powerful Pro Yakyuu 5 (Japan) (Rev 1),Japan
NJ5J,Jikkyou Powerful Pro Yakyuu 5 (Japan) (Rev 2),Japan
NJ5J,Jikkyou Powerful Pro Yakyuu 5 (Japan) (Rev 2),Japan
NP6J,Jikkyou Powerful Pro Yakyuu 6 (Japan),Japan
NP6J,Jikkyou Powerful Pro Yakyuu 6 (Japan),Japan
NP6J,Jikkyou Powerful Pro Yakyuu 6 (Japan) (Rev 1),Japan
NP6J,Jikkyou Powerful Pro Yakyuu 6 (Japan) (Rev 1),Japan
NP6J,Jikkyou Powerful Pro Yakyuu 6 (Japan) (Rev 2),Japan
NP6J,Jikkyou Powerful Pro Yakyuu 6 (Japan) (Rev 2),Japan
NWSJ,Jikkyou World Soccer - World Cup France '98 (Japan),Japan
NWSJ,Jikkyou World Soccer - World Cup France '98 (Japan),Japan
NWSJ,Jikkyou World Soccer - World Cup France '98 (Japan) (Rev 1),Japan
NWSJ,Jikkyou World Soccer - World Cup France '98 (Japan) (Rev 1),Japan
NWSJ,Jikkyou World Soccer - World Cup France '98 (Japan) (Rev 2),Japan
NWSJ,Jikkyou World Soccer - World Cup France '98 (Japan) (Rev 2),Japan
NJ3J,Jikkyou World Soccer 3 (Japan),Japan
NJ3J,Jikkyou World Soccer 3 (Japan),Japan
NTUJ,Jikuu Senshi Turok (Japan),Japan
NTUJ,Jikuu Senshi Turok (Japan),Japan
NJGJ,Jinsei Game 64 (Japan),Japan
NJGJ,Jinsei Game 64 (Japan),Japan
NDWP,"John Romero's Daikatana (Europe) (En,Fr,De)",Europe
NDWP,"John Romero's Daikatana (Europe) (En,Fr,De)",Europe
NDWJ,John Romero's Daikatana (Japan),Japan
NDWJ,John Romero's Daikatana (Japan),Japan
NDWE,John Romero's Daikatana (USA),USA
NDWE,John Romero's Daikatana (USA),USA
NFYJ,Kakutou Denshou - F-Cup Maniax (Japan),Japan
NFYJ,Kakutou Denshou - F-Cup Maniax (Japan),Japan
NKJE,Ken Griffey Jr.'s Slugfest (USA),USA
NKJE,Ken Griffey Jr.'s Slugfest (USA),USA
NKIP,Killer Instinct Gold (Europe),Europe
NKIP,Killer Instinct Gold (Europe),Europe
NKIE,Killer Instinct Gold (USA),USA
NKIE,Killer Instinct Gold (USA),USA
NKIE,Killer Instinct Gold (USA) (Rev 1),USA
NKIE,Killer Instinct Gold (USA) (Rev 1),USA
NKIE,Killer Instinct Gold (USA) (Rev 2),USA
NKIE,Killer Instinct Gold (USA) (Rev 2),USA
NSBJ,King Hill 64 - Extreme Snowboarding (Japan),Japan
NSBJ,King Hill 64 - Extreme Snowboarding (Japan),Japan
N64J,Kiratto Kaiketsu! 64 Tanteidan (Japan),Japan
N64J,Kiratto Kaiketsu! 64 Tanteidan (Japan),Japan
NK4P,Kirby 64 - The Crystal Shards (Europe),Europe
NK4P,Kirby 64 - The Crystal Shards (Europe),Europe
NK4E,Kirby 64 - The Crystal Shards (USA),USA
NK4E,Kirby 64 - The Crystal Shards (USA),USA
NKEP,Knife Edge - Nose Gunner (Europe),Europe
NKEP,Knife Edge - Nose Gunner (Europe),Europe
NKEJ,Knife Edge - Nose Gunner (Japan),Japan
NKEJ,Knife Edge - Nose Gunner (Japan),Japan
NKEE,Knife Edge - Nose Gunner (USA),USA
NKEE,Knife Edge - Nose Gunner (USA),USA
NKKP,Knockout Kings 2000 (Europe),Europe
NKKP,Knockout Kings 2000 (Europe),Europe
NKKE,Knockout Kings 2000 (USA),USA
NKKE,Knockout Kings 2000 (USA),USA
NNBP,Kobe Bryant in NBA Courtside (Europe),Europe
NNBP,Kobe Bryant in NBA Courtside (Europe),Europe
NNBE,Kobe Bryant in NBA Courtside (USA),USA
NNBE,Kobe Bryant in NBA Courtside (USA),USA
NLGP,"LEGO Racers (Europe) (En,Fr,De,Es,It,Nl,Sv,No,Da,Fi)",Europe
NLGP,"LEGO Racers (Europe) (En,Fr,De,Es,It,Nl,Sv,No,Da,Fi)",Europe
NLGE,"LEGO Racers (USA) (En,Fr,De,Es,It,Nl,Sv,No,Da,Fi)",USA
NLGE,"LEGO Racers (USA) (En,Fr,De,Es,It,Nl,Sv,No,Da,Fi)",USA
NLLJ,Last Legion UX (Japan),Japan
NLLJ,Last Legion UX (Japan),Japan
NZSP,"Legend of Zelda, The - Majora's Mask (Europe) (En,Fr,De,Es)",Europe
NZSP,"Legend of Zelda, The - Majora's Mask (Europe) (En,Fr,De,Es)",Europe
NZSP,"Legend of Zelda, The - Majora's Mask (Europe) (En,Fr,De,Es) (Rev 1)",Europe
NZSP,"Legend of Zelda, The - Majora's Mask (Europe) (En,Fr,De,Es) (Rev 1)",Europe
NZSP,"Legend of Zelda, The - Majora's Mask (Europe) (En,Fr,De,Es) (Rev 1) (Debug)",Europe
NZSP,"Legend of Zelda, The - Majora's Mask (Europe) (En,Fr,De,Es) (Rev 1) (Debug)",Europe
NZSP,"Legend of Zelda, The - Majora's Mask (Europe) (En,Fr,De,Es) (Rev 1) (Wii Virtual Console)",Europe
NZSP,"Legend of Zelda, The - Majora's Mask (Europe) (En,Fr,De,Es) (Rev 1) (Wii Virtual Console)",Europe
NZSP,"Legend of Zelda, The - Majora's Mask (Europe) (Zelda Collection)",Europe
NZSP,"Legend of Zelda, The - Majora's Mask (Europe) (Zelda Collection)",Europe
NZSE,"Legend of Zelda, The - Majora's Mask (USA)",USA
NZSE,"Legend of Zelda, The - Majora's Mask (USA)",USA
NZSE,"Legend of Zelda, The - Majora's Mask (USA) (Zelda Collection)",USA
NZSE,"Legend of Zelda, The - Majora's Mask (USA) (Zelda Collection)",USA
NZLP,"Legend of Zelda, The - Ocarina of Time (Europe) (Beta) (GameCube)",Europe
NZLP,"Legend of Zelda, The - Ocarina of Time (Europe) (Beta) (GameCube)",Europe
NZLP,"Legend of Zelda, The - Ocarina of Time (Europe) (Beta) (GameCube) (Debug)",Europe
NZLP,"Legend of Zelda, The - Ocarina of Time (Europe) (Beta) (GameCube) (Debug)",Europe
NZLP,"Legend of Zelda, The - Ocarina of Time (Europe) (En,Fr,De)",Europe
NZLP,"Legend of Zelda, The - Ocarina of Time (Europe) (En,Fr,De)",Europe
NZLP,"Legend of Zelda, The - Ocarina of Time (Europe) (En,Fr,De) (Rev 1)",Europe
NZLP,"Legend of Zelda, The - Ocarina of Time (Europe) (En,Fr,De) (Rev 1)",Europe
NZLP,"Legend of Zelda, The - Ocarina of Time (Europe) (GameCube)",Europe
NZLP,"Legend of Zelda, The - Ocarina of Time (Europe) (GameCube)",Europe
CZLE,"Legend of Zelda, The - Ocarina of Time (USA)",USA
CZLE,"Legend of Zelda, The - Ocarina of Time (USA)",USA
CZLE,"Legend of Zelda, The - Ocarina of Time (USA) (Beta)",USA
CZLE,"Legend of Zelda, The - Ocarina of Time (USA) (Beta)",USA
CZLE,"Legend of Zelda, The - Ocarina of Time (USA) (GameCube)",USA
CZLE,"Legend of Zelda, The - Ocarina of Time (USA) (GameCube)",USA
CZLE,"Legend of Zelda, The - Ocarina of Time (USA) (Rev 1)",USA
CZLE,"Legend of Zelda, The - Ocarina of Time (USA) (Rev 1)",USA
CZLE,"Legend of Zelda, The - Ocarina of Time (USA) (Rev 2)",USA
CZLE,"Legend of Zelda, The - Ocarina of Time (USA) (Rev 2)",USA
NZLP,"Legend of Zelda, The - Ocarina of Time - Master Quest (Europe) (En,Fr,De) (Zelda Collection)",Europe
NZLP,"Legend of Zelda, The - Ocarina of Time - Master Quest (Europe) (En,Fr,De) (Zelda Collection)",Europe
NZLP,"Legend of Zelda, The - Ocarina of Time - Master Quest (Europe) (GameCube) (Debug)",Europe
NZLP,"Legend of Zelda, The - Ocarina of Time - Master Quest (Europe) (GameCube) (Debug)",Europe
CZLE,"Legend of Zelda, The - Ocarina of Time - Master Quest (USA) (GameCube)",USA
CZLE,"Legend of Zelda, The - Ocarina of Time - Master Quest (USA) (GameCube)",USA
NTSJ,Let's Smash (Japan),Japan
NTSJ,Let's Smash (Japan),Japan
NLRP,"Lode Runner 3-D (Europe) (En,Fr,De,Es,It)",Europe
NLRP,"Lode Runner 3-D (Europe) (En,Fr,De,Es,It)",Europe
NLRJ,Lode Runner 3-D (Japan),Japan
NLRJ,Lode Runner 3-D (Japan),Japan
NLRE,Lode Runner 3-D (USA),USA
NLRE,Lode Runner 3-D (USA),USA
NFXU,"Lylat Wars (Australia) (En,Fr,De)",Australia
NFXU,"Lylat Wars (Australia) (En,Fr,De)",Australia
NFXP,"Lylatwars (Europe) (En,Fr,De)",Europe
NFXP,"Lylatwars (Europe) (En,Fr,De)",Europe
NMRP,"MRC - Multi-Racing Championship (Europe) (En,Fr,De)",Europe
NMRP,"MRC - Multi-Racing Championship (Europe) (En,Fr,De)",Europe
NMRJ,MRC - Multi-Racing Championship (Japan),Japan
NMRJ,MRC - Multi-Racing Championship (Japan),Japan
NMRE,MRC - Multi-Racing Championship (USA),USA
NMRE,MRC - Multi-Racing Championship (USA),USA
NMEP,Mace - The Dark Age (Europe),Europe
NMEP,Mace - The Dark Age (Europe),Europe
NMEE,Mace - The Dark Age (USA),USA
NMEE,Mace - The Dark Age (USA),USA
N8MP,Madden Football 64 (Europe),Europe
N8MP,Madden Football 64 (Europe),Europe
N8ME,Madden Football 64 (USA),USA
N8ME,Madden Football 64 (USA),USA
NMDE,Madden NFL 2000 (USA),USA
NMDE,Madden NFL 2000 (USA),USA
NFLE,Madden NFL 2001 (USA),USA
NFLE,Madden NFL 2001 (USA),USA
N2ME,Madden NFL 2002 (USA),USA
N2ME,Madden NFL 2002 (USA),USA
N9MP,Madden NFL 99 (Europe),Europe
N9MP,Madden NFL 99 (Europe),Europe
N9ME,Madden NFL 99 (USA),USA
N9ME,Madden NFL 99 (USA),USA
N9ME,Madden NFL 99 (USA) (Beta),USA
N9ME,Madden NFL 99 (USA) (Beta),USA
N9ME,Madden NFL 99 (USA) (Rev 1),USA
N9ME,Madden NFL 99 (USA) (Rev 1),USA
NMTP,Magical Tetris Challenge (Europe),Europe
NMTP,Magical Tetris Challenge (Europe),Europe
NMTD,Magical Tetris Challenge (Germany),Germany
NMTD,Magical Tetris Challenge (Germany),Germany
NMTE,Magical Tetris Challenge (USA),USA
NMTE,Magical Tetris Challenge (USA),USA
NMTJ,Magical Tetris Challenge featuring Mickey (Japan),Japan
NMTJ,Magical Tetris Challenge featuring Mickey (Japan),Japan
NMJJ,Mahjong 64 (Japan),Japan
NMJJ,Mahjong 64 (Japan),Japan
NMHJ,Mahjong Hourouki Classic (Japan),Japan
NMHJ,Mahjong Hourouki Classic (Japan),Japan
NMMJ,Mahjong Master (Japan),Japan
NMMJ,Mahjong Master (Japan),Japan
NKGP,Major League Baseball Featuring Ken Griffey Jr. (Australia),Australia
NKGP,Major League Baseball Featuring Ken Griffey Jr. (Australia),Australia
NKGE,Major League Baseball Featuring Ken Griffey Jr. (USA),USA
NKGE,Major League Baseball Featuring Ken Griffey Jr. (USA),USA
NMME,Manic Miner 64 (World) (Summer64),World
NMME,Manic Miner 64 (World) (Summer64),World
NMFP,Mario Golf (Europe),Europe
NMFP,Mario Golf (Europe),Europe
NMFE,Mario Golf (USA),USA
NMFE,Mario Golf (USA),USA
NMFJ,Mario Golf 64 (Japan),Japan
NMFJ,Mario Golf 64 (Japan),Japan
NMFJ,Mario Golf 64 (Japan) (Rev 1),Japan
NMFJ,Mario Golf 64 (Japan) (Rev 1),Japan
NKTP,Mario Kart 64 (Europe),Europe
NKTP,Mario Kart 64 (Europe),Europe
NKTP,Mario Kart 64 (Europe) (Rev 1),Europe
NKTP,Mario Kart 64 (Europe) (Rev 1),Europe
NKTJ,Mario Kart 64 (Japan),Japan
NKTJ,Mario Kart 64 (Japan),Japan
NKTJ,Mario Kart 64 (Japan) (Rev 1),Japan
NKTJ,Mario Kart 64 (Japan) (Rev 1),Japan
NKTE,Mario Kart 64 (USA),USA
NKTE,Mario Kart 64 (USA),USA
NLBP,"Mario Party (Europe) (En,Fr,De)",Europe
NLBP,"Mario Party (Europe) (En,Fr,De)",Europe
CLBJ,Mario Party (Japan),Japan
CLBJ,Mario Party (Japan),Japan
CLBE,Mario Party (USA),USA
CLBE,Mario Party (USA),USA
NMWP,"Mario Party 2 (Europe) (En,Fr,De,Es,It)",Europe
NMWP,"Mario Party 2 (Europe) (En,Fr,De,Es,It)",Europe
NMWP,"Mario Party 2 (Europe) (En,Fr,De,Es,It) (Wii Virtual Console)",Europe
NMWP,"Mario Party 2 (Europe) (En,Fr,De,Es,It) (Wii Virtual Console)",Europe
NMWJ,Mario Party 2 (Japan),Japan
NMWJ,Mario Party 2 (Japan),Japan
NMWJ,Mario Party 2 (Japan) (Wii Virtual Console),Japan
NMWJ,Mario Party 2 (Japan) (Wii Virtual Console),Japan
NMWE,Mario Party 2 (USA),USA
NMWE,Mario Party 2 (USA),USA
NMWE,Mario Party 2 (USA) (Wii Virtual Console),USA
NMWE,Mario Party 2 (USA) (Wii Virtual Console),USA
NMVP,"Mario Party 3 (Europe) (En,Fr,De,Es)",Europe
NMVP,"Mario Party 3 (Europe) (En,Fr,De,Es)",Europe
NMVJ,Mario Party 3 (Japan),Japan
NMVJ,Mario Party 3 (Japan),Japan
NMVJ,Mario Party 3 (Japan) (Beta),Japan
NMVJ,Mario Party 3 (Japan) (Beta),Japan
NMVE,Mario Party 3 (USA),USA
NMVE,Mario Party 3 (USA),USA
NMQJ,Mario Story (Japan),Japan
NMQJ,Mario Story (Japan),Japan
NM8P,Mario Tennis (Europe),Europe
NM8P,Mario Tennis (Europe),Europe
NM8P,Mario Tennis (Europe) (Wii Virtual Console),Europe
NM8P,Mario Tennis (Europe) (Wii Virtual Console),Europe
NM8E,Mario Tennis (USA),USA
NM8E,Mario Tennis (USA),USA
NM8E,Mario Tennis (USA) (Wii Virtual Console),USA
NM8E,Mario Tennis (USA) (Wii Virtual Console),USA
NM8J,Mario Tennis 64 (Japan),Japan
NM8J,Mario Tennis 64 (Japan),Japan
NM8J,Mario Tennis 64 (Japan) (Wii Virtual Console),Japan
NM8J,Mario Tennis 64 (Japan) (Wii Virtual Console),Japan
NMPJ,Mario no Photopie (Japan),Japan
NMPJ,Mario no Photopie (Japan),Japan
NM6E,Mega Man 64 (USA),USA
NM6E,Mega Man 64 (USA),USA
NHME,"Mia Hamm Soccer 64 (USA) (En,Es)",USA
NHME,"Mia Hamm Soccer 64 (USA) (En,Es)",USA
NHME,"Mia Hamm Soccer 64 (USA) (En,Es) (Beta)",USA
NHME,"Mia Hamm Soccer 64 (USA) (En,Es) (Beta)",USA
NHME,"Mia Hamm Soccer 64 (USA) (En,Es) (Beta)",USA
NHME,"Mia Hamm Soccer 64 (USA) (En,Es) (Beta)",USA
NWKX,Michael Owen's WLS 2000 (Europe),Europe
NWKX,Michael Owen's WLS 2000 (Europe),Europe
NMLJ,Mickey no Racing Challenge USA (Japan),Japan
NMLJ,Mickey no Racing Challenge USA (Japan),Japan
NMLP,"Mickey's Speedway USA (Europe) (En,Fr,De,Es,It)",Europe
NMLP,"Mickey's Speedway USA (Europe) (En,Fr,De,Es,It)",Europe
NMLE,Mickey's Speedway USA (USA),USA
NMLE,Mickey's Speedway USA (USA),USA
NV3P,"Micro Machines 64 Turbo (Europe) (En,Fr,De,Es,It)",Europe
NV3P,"Micro Machines 64 Turbo (Europe) (En,Fr,De,Es,It)",Europe
NV3E,Micro Machines 64 Turbo (USA),USA
NV3E,Micro Machines 64 Turbo (USA),USA
NAIE,Midway's Greatest Arcade Hits - Volume 1 (USA),USA
NAIE,Midway's Greatest Arcade Hits - Volume 1 (USA),USA
NMBE,Mike Piazza's Strike Zone (USA),USA
NMBE,Mike Piazza's Strike Zone (USA),USA
NBRP,Milo's Astro Lanes (Europe),Europe
NBRP,Milo's Astro Lanes (Europe),Europe
NBRE,Milo's Astro Lanes (USA),USA
NBRE,Milo's Astro Lanes (USA),USA
NTMP,Mischief Makers (Europe),Europe
NTMP,Mischief Makers (Europe),Europe
NTME,Mischief Makers (USA),USA
NTME,Mischief Makers (USA),USA
NTME,Mischief Makers (USA) (Rev 1),USA
NTME,Mischief Makers (USA) (Rev 1),USA
NMIP,Mission - Impossible (Europe),Europe
NMIP,Mission - Impossible (Europe),Europe
NMIP,Mission - Impossible (Europe) (Beta),Europe
NMIP,Mission - Impossible (Europe) (Beta),Europe
NMIF,Mission - Impossible (France),France
NMIF,Mission - Impossible (France),France
NMID,Mission - Impossible (Germany),Germany
NMID,Mission - Impossible (Germany),Germany
NMII,Mission - Impossible (Italy),Italy
NMII,Mission - Impossible (Italy),Italy
NMIS,Mission - Impossible (Spain),Spain
NMIS,Mission - Impossible (Spain),Spain
NMIS,Mission - Impossible (Spain) (Rev 1),Spain
NMIS,Mission - Impossible (Spain) (Rev 1),Spain
NMIE,Mission - Impossible (USA),USA
NMIE,Mission - Impossible (USA),USA
NMGE,Monaco Grand Prix (USA),USA
NMGE,Monaco Grand Prix (USA),USA
NMGP,"Monaco Grand Prix - Racing Simulation 2 (Europe) (En,Fr,Es,It)",Europe
NMGP,"Monaco Grand Prix - Racing Simulation 2 (Europe) (En,Fr,Es,It)",Europe
NMOE,Monopoly (USA),USA
NMOE,Monopoly (USA),USA
NM3P,"Monster Truck Madness 64 (Europe) (En,Fr,De,Es,It)",Europe
NM3P,"Monster Truck Madness 64 (Europe) (En,Fr,De,Es,It)",Europe
NM3E,Monster Truck Madness 64 (USA),USA
NM3E,Monster Truck Madness 64 (USA),USA
NMSJ,Morita Shougi 64 (Japan),Japan
NMSJ,Morita Shougi 64 (Japan),Japan
NM4P,Mortal Kombat 4 (Europe),Europe
NM4P,Mortal Kombat 4 (Europe),Europe
NM4E,Mortal Kombat 4 (USA),USA
NM4E,Mortal Kombat 4 (USA),USA
NMYP,Mortal Kombat Mythologies - Sub-Zero (Europe),Europe
NMYP,Mortal Kombat Mythologies - Sub-Zero (Europe),Europe
NMYE,Mortal Kombat Mythologies - Sub-Zero (USA),USA
NMYE,Mortal Kombat Mythologies - Sub-Zero (USA),USA
NMKP,Mortal Kombat Trilogy (Europe),Europe
NMKP,Mortal Kombat Trilogy (Europe),Europe
NMKE,Mortal Kombat Trilogy (USA),USA
NMKE,Mortal Kombat Trilogy (USA),USA
NMKE,Mortal Kombat Trilogy (USA) (Rev 1),USA
NMKE,Mortal Kombat Trilogy (USA) (Rev 1),USA
NMKE,Mortal Kombat Trilogy (USA) (Rev 2),USA
NMKE,Mortal Kombat Trilogy (USA) (Rev 2),USA
NP9E,Ms. Pac-Man - Maze Madness (USA),USA
NP9E,Ms. Pac-Man - Maze Madness (USA),USA
NGMP,"Mystical Ninja 2 Starring Goemon (Europe) (En,Fr,De)",Europe
NGMP,"Mystical Ninja 2 Starring Goemon (Europe) (En,Fr,De)",Europe
NG5P,Mystical Ninja Starring Goemon (Europe),Europe
NG5P,Mystical Ninja Starring Goemon (Europe),Europe
NG5E,Mystical Ninja Starring Goemon (USA),USA
NG5E,Mystical Ninja Starring Goemon (USA),USA
NN2E,NASCAR 2000 (USA),USA
NN2E,NASCAR 2000 (USA),USA
N9CP,"NASCAR 99 (Europe) (En,Fr,De)",Europe
N9CP,"NASCAR 99 (Europe) (En,Fr,De)",Europe
N9CE,NASCAR 99 (USA),USA
N9CE,NASCAR 99 (USA),USA
NCKE,NBA Courtside 2 featuring Kobe Bryant (USA),USA
NCKE,NBA Courtside 2 featuring Kobe Bryant (USA),USA
NXGP,NBA Hangtime (Europe),Europe
NXGP,NBA Hangtime (Europe),Europe
NXGE,NBA Hangtime (USA),USA
NXGE,NBA Hangtime (USA),USA
NJAP,NBA Jam 2000 (Europe),Europe
NJAP,NBA Jam 2000 (Europe),Europe
NJAE,NBA Jam 2000 (USA),USA
NJAE,NBA Jam 2000 (USA),USA
NB9P,NBA Jam 99 (Europe),Europe
NB9P,NBA Jam 99 (Europe),Europe
NB9E,NBA Jam 99 (USA),USA
NB9E,NBA Jam 99 (USA),USA
NNLP,"NBA Live 2000 (Europe) (En,Fr,De,Es)",Europe
NNLP,"NBA Live 2000 (Europe) (En,Fr,De,Es)",Europe
NNLE,"NBA Live 2000 (USA) (En,Fr,De,Es)",USA
NNLE,"NBA Live 2000 (USA) (En,Fr,De,Es)",USA
N9BP,"NBA Live 99 (Europe) (En,Fr,De,Es,It)",Europe
N9BP,"NBA Live 99 (Europe) (En,Fr,De,Es,It)",Europe
N9BE,"NBA Live 99 (USA) (En,Fr,De,Es,It)",USA
N9BE,"NBA Live 99 (USA) (En,Fr,De,Es,It)",USA
NBAP,NBA Pro 98 (Europe),Europe
NBAP,NBA Pro 98 (Europe),Europe
NB2P,NBA Pro 99 (Europe),Europe
NB2P,NBA Pro 99 (Europe),Europe
NSOE,NBA Showtime - NBA on NBC (USA),USA
NSOE,NBA Showtime - NBA on NBC (USA),USA
NBAJ,NBA in the Zone '98 (Japan),Japan
NBAJ,NBA in the Zone '98 (Japan),Japan
NBAE,NBA in the Zone '98 (USA),USA
NBAE,NBA in the Zone '98 (USA),USA
NB2E,NBA in the Zone '99 (USA),USA
NB2E,NBA in the Zone '99 (USA),USA
NB2J,NBA in the Zone 2 (Japan),Japan
NB2J,NBA in the Zone 2 (Japan),Japan
NWZP,NBA in the Zone 2000 (Europe),Europe
NWZP,NBA in the Zone 2000 (Europe),Europe
NWZE,NBA in the Zone 2000 (USA),USA
NWZE,NBA in the Zone 2000 (USA),USA
NBZE,NFL Blitz (USA),USA
NBZE,NFL Blitz (USA),USA
NSZE,NFL Blitz - Special Edition (USA),USA
NSZE,NFL Blitz - Special Edition (USA),USA
NBIE,NFL Blitz 2000 (USA),USA
NBIE,NFL Blitz 2000 (USA),USA
NBIE,NFL Blitz 2000 (USA) (Rev 1),USA
NBIE,NFL Blitz 2000 (USA) (Rev 1),USA
NFBE,NFL Blitz 2001 (USA),USA
NFBE,NFL Blitz 2001 (USA),USA
NQCE,NFL QB Club 2001 (USA),USA
NQCE,NFL QB Club 2001 (USA),USA
NQBP,NFL Quarterback Club 2000 (Europe),Europe
NQBP,NFL Quarterback Club 2000 (Europe),Europe
NQBE,NFL Quarterback Club 2000 (USA),USA
NQBE,NFL Quarterback Club 2000 (USA),USA
NQ8P,NFL Quarterback Club 98 (Europe),Europe
NQ8P,NFL Quarterback Club 98 (Europe),Europe
NQ8E,NFL Quarterback Club 98 (USA),USA
NQ8E,NFL Quarterback Club 98 (USA),USA
NQ9P,NFL Quarterback Club 99 (Europe),Europe
NQ9P,NFL Quarterback Club 99 (Europe),Europe
NQ9E,NFL Quarterback Club 99 (USA),USA
NQ9E,NFL Quarterback Club 99 (USA),USA
N9HP,"NHL 99 (Europe) (En,De,Sv,Fi)",Europe
N9HP,"NHL 99 (Europe) (En,De,Sv,Fi)",Europe
N9HE,NHL 99 (USA),USA
N9HE,NHL 99 (USA),USA
NHOE,NHL Blades of Steel '99 (USA),USA
NHOE,NHL Blades of Steel '99 (USA),USA
NHLP,NHL Breakaway 98 (Europe),Europe
NHLP,NHL Breakaway 98 (Europe),Europe
NHLE,NHL Breakaway 98 (USA),USA
NHLE,NHL Breakaway 98 (USA),USA
NH9P,NHL Breakaway 99 (Europe),Europe
NH9P,NHL Breakaway 99 (Europe),Europe
NH9E,NHL Breakaway 99 (USA),USA
NH9E,NHL Breakaway 99 (USA),USA
NHOP,NHL Pro 99 (Europe),Europe
NHOP,NHL Pro 99 (Europe),Europe
NH5P,Nagano Winter Olympics '98 (Europe),Europe
NH5P,Nagano Winter Olympics '98 (Europe),Europe
NH5E,Nagano Winter Olympics '98 (USA),USA
NH5E,Nagano Winter Olympics '98 (USA),USA
NNME,Namco Museum 64 (USA),USA
NNME,Namco Museum 64 (USA),USA
NEVJ,Neon Genesis Evangelion (Japan),Japan
NEVJ,Neon Genesis Evangelion (Japan),Japan
NRIP,"New Tetris, The (Europe)",Europe
NRIP,"New Tetris, The (Europe)",Europe
NRIE,"New Tetris, The (USA)",USA
NRIE,"New Tetris, The (USA)",USA
NNCE,Nightmare Creatures (USA),USA
NNCE,Nightmare Creatures (USA),USA
NHBJ,Nintama Rantarou 64 Game Gallery (Japan),Japan
NHBJ,Nintama Rantarou 64 Game Gallery (Japan),Japan
CMDJ,Nintendo 64 Modem (Japan) (Add-on),Japan
CMDJ,Nintendo 64 Modem (Japan) (Add-on),Japan
NALJ,Nintendo All-Star! Dairantou Smash Brothers (Japan),Japan
NALJ,Nintendo All-Star! Dairantou Smash Brothers (Japan),Japan
NCEP,Nuclear Strike 64 (Europe) (Beta),Europe
NCEP,Nuclear Strike 64 (Europe) (Beta),Europe
NCEP,"Nuclear Strike 64 (Europe) (En,Fr)",Europe
NCEP,"Nuclear Strike 64 (Europe) (En,Fr)",Europe
NCED,Nuclear Strike 64 (Germany),Germany
NCED,Nuclear Strike 64 (Germany),Germany
NCED,Nuclear Strike 64 (Germany) (Beta),Germany
NCED,Nuclear Strike 64 (Germany) (Beta),Germany
NCEE,Nuclear Strike 64 (USA),USA
NCEE,Nuclear Strike 64 (USA),USA
NUTJ,Nushi Zuri 64 (Japan),Japan
NUTJ,Nushi Zuri 64 (Japan),Japan
NUTJ,Nushi Zuri 64 (Japan) (Rev 1),Japan
NUTJ,Nushi Zuri 64 (Japan) (Rev 1),Japan
NUMJ,Nushi Zuri 64 - Shiokaze ni Notte (Japan),Japan
NUMJ,Nushi Zuri 64 - Shiokaze ni Notte (Japan),Japan
NTDP,"O.D.T. (Europe) (En,Fr,De,Es,It) (Proto)",Europe
NTDP,"O.D.T. (Europe) (En,Fr,De,Es,It) (Proto)",Europe
NTDE,"O.D.T. (USA) (En,Fr,Es) (Proto)",USA
NTDE,"O.D.T. (USA) (En,Fr,Es) (Proto)",USA
NOFP,Off Road Challenge (Europe),Europe
NOFP,Off Road Challenge (Europe),Europe
NOFE,Off Road Challenge (USA),USA
NOFE,Off Road Challenge (USA),USA
NOBJ,Ogre Battle 64 - Person of Lordly Caliber (Japan) (Rev 1),Japan
NOBJ,Ogre Battle 64 - Person of Lordly Caliber (Japan) (Rev 1),Japan
NOBJ,Ogre Battle 64 - Person of Lordly Caliber (Japan) (Rev 1) (Wii Virtual Console),Japan
NOBJ,Ogre Battle 64 - Person of Lordly Caliber (Japan) (Rev 1) (Wii Virtual Console),Japan
NOBE,Ogre Battle 64 - Person of Lordly Caliber (USA),USA
NOBE,Ogre Battle 64 - Person of Lordly Caliber (USA),USA
NOBE,Ogre Battle 64 - Person of Lordly Caliber (USA) (Rev 1),USA
NOBE,Ogre Battle 64 - Person of Lordly Caliber (USA) (Rev 1),USA
NOBE,"Ogre Battle 64 - Person of Lordly Caliber (USA, Europe) (Rev 1) (Wii Virtual Console)",USA
NOBE,"Ogre Battle 64 - Person of Lordly Caliber (USA, Europe) (Rev 1) (Wii Virtual Console)",USA
NHNP,"Olympic Hockey 98 (Europe) (En,Fr,De,Es)",Europe
NHNP,"Olympic Hockey 98 (Europe) (En,Fr,De,Es)",Europe
NHNJ,Olympic Hockey 98 (Japan),Japan
NHNJ,Olympic Hockey 98 (Japan),Japan
NHNE,Olympic Hockey 98 (USA),USA
NHNE,Olympic Hockey 98 (USA),USA
NOMJ,Onegai Monsters (Japan),Japan
NOMJ,Onegai Monsters (Japan),Japan
NWDP,"Operation WinBack (Europe) (En,Fr,De,Es,It)",Europe
NWDP,"Operation WinBack (Europe) (En,Fr,De,Es,It)",Europe
NUBJ,PD Ultraman Battle Collection 64 (Japan),Japan
NUBJ,PD Ultraman Battle Collection 64 (Japan),Japan
NEAE,PGA European Tour (USA),USA
NEAE,PGA European Tour (USA),USA
NEAP,"PGA European Tour Golf (Europe) (En,Fr,De,Es,It)",Europe
NEAP,"PGA European Tour Golf (Europe) (En,Fr,De,Es,It)",Europe
NPCJ,Pachinko 365 Nichi (Japan),Japan
NPCJ,Pachinko 365 Nichi (Japan),Japan
NMQP,"Paper Mario (Europe) (En,Fr,De,Es)",Europe
NMQP,"Paper Mario (Europe) (En,Fr,De,Es)",Europe
NMQE,Paper Mario (USA),USA
NMQE,Paper Mario (USA),USA
NYPP,Paperboy (Europe),Europe
NYPP,Paperboy (Europe),Europe
NYPE,Paperboy (USA),USA
NYPE,Paperboy (USA),USA
NPPJ,Parlor! Pro 64 - Pachinko Jikki Simulation Game (Japan),Japan
NPPJ,Parlor! Pro 64 - Pachinko Jikki Simulation Game (Japan),Japan
NCRP,Penny Racers (Europe),Europe
NCRP,Penny Racers (Europe),Europe
NCRE,Penny Racers (USA),USA
NCRE,Penny Racers (USA),USA
NPDP,Perfect Dark (Europe) (Beta) (Debug),Europe
NPDP,Perfect Dark (Europe) (Beta) (Debug),Europe
NPDP,"Perfect Dark (Europe) (En,Fr,De,Es,It)",Europe
NPDP,"Perfect Dark (Europe) (En,Fr,De,Es,It)",Europe
NPDJ,Perfect Dark (Japan),Japan
NPDJ,Perfect Dark (Japan),Japan
NPDE,Perfect Dark (USA),USA
NPDE,Perfect Dark (USA),USA
NPDE,Perfect Dark (USA) (Beta) (Debug),USA
NPDE,Perfect Dark (USA) (Beta) (Debug),USA
NPDE,Perfect Dark (USA) (Rev 1),USA
NPDE,Perfect Dark (USA) (Rev 1),USA
NPGJ,Pikachuu Genki de Chuu (Japan),Japan
NPGJ,Pikachuu Genki de Chuu (Japan),Japan
NPWP,"Pilotwings 64 (Europe) (En,Fr,De)",Europe
NPWP,"Pilotwings 64 (Europe) (En,Fr,De)",Europe
NPWJ,Pilotwings 64 (Japan),Japan
NPWJ,Pilotwings 64 (Japan),Japan
NPWE,Pilotwings 64 (USA),USA
NPWE,Pilotwings 64 (USA),USA
NPNP,Pokemon Puzzle League (Europe),Europe
NPNP,Pokemon Puzzle League (Europe),Europe
NPNP,Pokemon Puzzle League (Europe) (Wii Virtual Console),Europe
NPNP,Pokemon Puzzle League (Europe) (Wii Virtual Console),Europe
NPNF,Pokemon Puzzle League (France),France
NPNF,Pokemon Puzzle League (France),France
NPNF,Pokemon Puzzle League (France) (Wii Virtual Console),France
NPNF,Pokemon Puzzle League (France) (Wii Virtual Console),France
NPND,Pokemon Puzzle League (Germany),Germany
NPND,Pokemon Puzzle League (Germany),Germany
NPND,Pokemon Puzzle League (Germany) (Wii Virtual Console),Germany
NPND,Pokemon Puzzle League (Germany) (Wii Virtual Console),Germany
NPNE,Pokemon Puzzle League (USA),USA
NPNE,Pokemon Puzzle League (USA),USA
NPNE,Pokemon Puzzle League (USA) (Wii Virtual Console),USA
NPNE,Pokemon Puzzle League (USA) (Wii Virtual Console),USA
NPFU,Pokemon Snap (Australia),Australia
NPFU,Pokemon Snap (Australia),Australia
NPFP,Pokemon Snap (Europe),Europe
NPFP,Pokemon Snap (Europe),Europe
NPFF,Pokemon Snap (France),France
NPFF,Pokemon Snap (France),France
NPFD,Pokemon Snap (Germany),Germany
NPFD,Pokemon Snap (Germany),Germany
NPFI,Pokemon Snap (Italy),Italy
NPFI,Pokemon Snap (Italy),Italy
NPFJ,Pokemon Snap (Japan),Japan
NPFJ,Pokemon Snap (Japan),Japan
NPFJ,Pokemon Snap (Japan) (Rev 1) (Wii Virtual Console),Japan
NPFJ,Pokemon Snap (Japan) (Rev 1) (Wii Virtual Console),Japan
NPFS,Pokemon Snap (Spain),Spain
NPFS,Pokemon Snap (Spain),Spain
NPFE,Pokemon Snap (USA),USA
NPFE,Pokemon Snap (USA),USA
NPOP,Pokemon Stadium (Europe),Europe
NPOP,Pokemon Stadium (Europe),Europe
NPOP,Pokemon Stadium (Europe) (Rev 1),Europe
NPOP,Pokemon Stadium (Europe) (Rev 1),Europe
NPOF,Pokemon Stadium (France),France
NPOF,Pokemon Stadium (France),France
NPOD,Pokemon Stadium (Germany),Germany
NPOD,Pokemon Stadium (Germany),Germany
NPOI,Pokemon Stadium (Italy),Italy
NPOI,Pokemon Stadium (Italy),Italy
CPSJ,Pokemon Stadium (Japan),Japan
CPSJ,Pokemon Stadium (Japan),Japan
NPOS,Pokemon Stadium (Spain),Spain
NPOS,Pokemon Stadium (Spain),Spain
NPOE,Pokemon Stadium (USA),USA
NPOE,Pokemon Stadium (USA),USA
NPOE,Pokemon Stadium (USA) (Rev 1),USA
NPOE,Pokemon Stadium (USA) (Rev 1),USA
NPOE,Pokemon Stadium (USA) (Rev 2),USA
NPOE,Pokemon Stadium (USA) (Rev 2),USA
NP3P,Pokemon Stadium 2 (Europe),Europe
NP3P,Pokemon Stadium 2 (Europe),Europe
NP3F,Pokemon Stadium 2 (France),France
NP3F,Pokemon Stadium 2 (France),France
NP3D,Pokemon Stadium 2 (Germany),Germany
NP3D,Pokemon Stadium 2 (Germany),Germany
NP3I,Pokemon Stadium 2 (Italy),Italy
NP3I,Pokemon Stadium 2 (Italy),Italy
CP2J,Pokemon Stadium 2 (Japan),Japan
CP2J,Pokemon Stadium 2 (Japan),Japan
NP3S,Pokemon Stadium 2 (Spain),Spain
NP3S,Pokemon Stadium 2 (Spain),Spain
NP3E,Pokemon Stadium 2 (USA),USA
NP3E,Pokemon Stadium 2 (USA),USA
NP3J,Pokemon Stadium Kin Gin (Japan),Japan
NP3J,Pokemon Stadium Kin Gin (Japan),Japan
NPXE,Polaris SnoCross (USA),USA
NPXE,Polaris SnoCross (USA),USA
NPLJ,Power League 64 (Japan),Japan
NPLJ,Power League 64 (Japan),Japan
NPUP,Power Rangers - Lightspeed Rescue (Europe),Europe
NPUP,Power Rangers - Lightspeed Rescue (Europe),Europe
NPUE,Power Rangers - Lightspeed Rescue (USA),USA
NPUE,Power Rangers - Lightspeed Rescue (USA),USA
NPQE,"Powerpuff Girls, The - Chemical X-Traction (USA)",USA
NPQE,"Powerpuff Girls, The - Chemical X-Traction (USA)",USA
NPQE,"Powerpuff Girls, The - Chemical X-Traction (USA) (Beta)",USA
NPQE,"Powerpuff Girls, The - Chemical X-Traction (USA) (Beta)",USA
NPMP,Premier Manager 64 (Europe),Europe
NPMP,Premier Manager 64 (Europe),Europe
NKMJ,Pro Mahjong Kiwame 64 (Japan),Japan
NKMJ,Pro Mahjong Kiwame 64 (Japan),Japan
NKMJ,Pro Mahjong Kiwame 64 (Japan) (Rev 1),Japan
NKMJ,Pro Mahjong Kiwame 64 (Japan) (Rev 1),Japan
NNRJ,Pro Mahjong Tsuwamono 64 - Jansou Battle ni Chousen (Japan),Japan
NNRJ,Pro Mahjong Tsuwamono 64 - Jansou Battle ni Chousen (Japan),Japan
NPYJ,Puyo Puyo Sun 64 (Japan),Japan
NPYJ,Puyo Puyo Sun 64 (Japan),Japan
NPTJ,Puyo Puyoon Party (Japan),Japan
NPTJ,Puyo Puyoon Party (Japan),Japan
NPBJ,Puzzle Bobble 64 (Japan),Japan
NPBJ,Puzzle Bobble 64 (Japan),Japan
BPYB,Pyoro 64 (Unknown) (MPAL),
BPYE,Pyoro 64 (Unknown),
BPYI,Pyoro 64 (Unknown) (PAL),
NQKP,Quake (Europe),Europe
NQKP,Quake (Europe),Europe
NQKE,Quake (USA),USA
NQKE,Quake (USA),USA
NQ2P,Quake II (Europe),Europe
NQ2P,Quake II (Europe),Europe
NQ2E,Quake II (USA),USA
NQ2E,Quake II (USA),USA
NETE,Quest 64 (USA),USA
NETE,Quest 64 (USA),USA
NRZP,RR64 - Ridge Racer 64 (Europe),Europe
NRZP,RR64 - Ridge Racer 64 (Europe),Europe
NRZE,RR64 - Ridge Racer 64 (USA),USA
NRZE,RR64 - Ridge Racer 64 (USA),USA
NWKD,RTL World League Soccer 2000 (Germany),Germany
NWKD,RTL World League Soccer 2000 (Germany),Germany
NMGD,Racing Simulation 2 (Germany),Germany
NMGD,Racing Simulation 2 (Germany),Germany
NKRP,Rakugakids (Europe),Europe
NKRP,Rakugakids (Europe),Europe
NKRP,Rakugakids (Europe) (Beta 2),Europe
NKRP,Rakugakids (Europe) (Beta 2),Europe
NKRJ,Rakugakids (Japan),Japan
NKRJ,Rakugakids (Japan),Japan
NRAJ,Rally '99 (Japan),Japan
NRAJ,Rally '99 (Japan),Japan
NWQE,Rally Challenge 2000 (USA),USA
NWQE,Rally Challenge 2000 (USA),USA
NRPP,Rampage - World Tour (Europe),Europe
NRPP,Rampage - World Tour (Europe),Europe
NRPE,Rampage - World Tour (USA),USA
NRPE,Rampage - World Tour (USA),USA
N2PP,Rampage 2 - Universal Tour (Europe),Europe
N2PP,Rampage 2 - Universal Tour (Europe),Europe
N2PE,Rampage 2 - Universal Tour (USA),USA
N2PE,Rampage 2 - Universal Tour (USA),USA
NRTP,"Rat Attack (Europe) (En,Fr,De,Es,It,Nl)",Europe
NRTP,"Rat Attack (Europe) (En,Fr,De,Es,It,Nl)",Europe
NRTE,Rat Attack! (USA),USA
NRTE,Rat Attack! (USA),USA
NY2P,"Rayman 2 - The Great Escape (Europe) (En,Fr,De,Es,It)",Europe
NY2P,"Rayman 2 - The Great Escape (Europe) (En,Fr,De,Es,It)",Europe
NY2E,"Rayman 2 - The Great Escape (USA) (En,Fr,De,Es,It)",USA
NY2E,"Rayman 2 - The Great Escape (USA) (En,Fr,De,Es,It)",USA
NRGF,"Razmoket, Les - La Chasse aux Tresors (France)",France
NRGF,"Razmoket, Les - La Chasse aux Tresors (France)",France
NFQE,Razor Freestyle Scooter (USA),USA
NFQE,Razor Freestyle Scooter (USA),USA
NRVP,"Re-Volt (Europe) (En,Fr,De,Es)",Europe
NRVP,"Re-Volt (Europe) (En,Fr,De,Es)",Europe
NRVE,Re-Volt (USA),USA
NRVE,Re-Volt (USA),USA
NRDP,"Ready 2 Rumble Boxing (Europe) (En,Fr,De)",Europe
NRDP,"Ready 2 Rumble Boxing (Europe) (En,Fr,De)",Europe
NRDE,Ready 2 Rumble Boxing (USA),USA
NRDE,Ready 2 Rumble Boxing (USA),USA
N22E,Ready 2 Rumble Boxing - Round 2 (USA),USA
N22E,Ready 2 Rumble Boxing - Round 2 (USA),USA
NREP,"Resident Evil 2 (Europe) (En,Fr)",Europe
NREP,"Resident Evil 2 (Europe) (En,Fr)",Europe
NREE,Resident Evil 2 (USA),USA
NREE,Resident Evil 2 (USA),USA
NREE,Resident Evil 2 (USA) (Rev 1),USA
NREE,Resident Evil 2 (USA) (Rev 1),USA
NROP,Road Rash 64 (Europe),Europe
NROP,Road Rash 64 (Europe),Europe
NROP,Road Rash 64 (Europe) (Beta),Europe
NROP,Road Rash 64 (Europe) (Beta),Europe
NROE,Road Rash 64 (USA),USA
NROE,Road Rash 64 (USA),USA
NROE,Road Rash 64 (USA) (Beta 2),USA
NROE,Road Rash 64 (USA) (Beta 2),USA
NRRP,"Roadsters (Europe) (En,Fr,De,Es,It,Nl)",Europe
NRRP,"Roadsters (Europe) (En,Fr,De,Es,It,Nl)",Europe
NRRE,"Roadsters (USA) (En,Fr,Es)",USA
NRRE,"Roadsters (USA) (En,Fr,Es)",USA
NR7J,Robot Poncots 64 - 7tsu no Umi no Caramel (Japan),Japan
NR7J,Robot Poncots 64 - 7tsu no Umi no Caramel (Japan),Japan
NRXP,Robotron 64 (Europe),Europe
NRXP,Robotron 64 (Europe),Europe
NRXE,Robotron 64 (USA),USA
NRXE,Robotron 64 (USA),USA
NSUP,"Rocket - Robot on Wheels (Europe) (En,Fr,De)",Europe
NSUP,"Rocket - Robot on Wheels (Europe) (En,Fr,De)",Europe
NSUE,Rocket - Robot on Wheels (USA),USA
NSUE,Rocket - Robot on Wheels (USA),USA
NRHJ,Rockman Dash - Hagane no Boukenshin (Japan),Japan
NRHJ,Rockman Dash - Hagane no Boukenshin (Japan),Japan
NJPE,Ronaldinho's Soccer 64 (Brazil) (Pirate),Brazil
NJPE,Ronaldinho's Soccer 64 (Brazil) (Pirate),Brazil
NRGD,Rugrats - Die grosse Schatzsuche (Germany),Germany
NRGD,Rugrats - Die grosse Schatzsuche (Germany),Germany
NRGE,Rugrats - Scavenger Hunt (USA),USA
NRGE,Rugrats - Scavenger Hunt (USA),USA
NRGP,Rugrats - Treasure Hunt (Europe),Europe
NRGP,Rugrats - Treasure Hunt (Europe),Europe
NRKP,Rugrats in Paris - The Movie (Europe),Europe
NRKP,Rugrats in Paris - The Movie (Europe),Europe
NRKE,Rugrats in Paris - The Movie (USA),USA
NRKE,Rugrats in Paris - The Movie (USA),USA
NR2P,"Rush 2 - Extreme Racing USA (Europe) (En,Fr,De,Es,It,Nl)",Europe
NR2P,"Rush 2 - Extreme Racing USA (Europe) (En,Fr,De,Es,It,Nl)",Europe
NR2E,Rush 2 - Extreme Racing USA (USA),USA
NR2E,Rush 2 - Extreme Racing USA (USA),USA
NCSP,"S.C.A.R.S. (Europe) (En,Fr,De)",Europe
NCSP,"S.C.A.R.S. (Europe) (En,Fr,De)",Europe
NCSE,S.C.A.R.S. (USA),USA
NCSE,S.C.A.R.S. (USA),USA
NDCJ,SD Hiryuu no Ken Densetsu (Japan),Japan
NDCJ,SD Hiryuu no Ken Densetsu (Japan),Japan
NSHJ,Saikyou Habu Shougi (Japan),Japan
NSHJ,Saikyou Habu Shougi (Japan),Japan
NSFP,"San Francisco Rush - Extreme Racing (Europe) (En,Fr,De)",Europe
NSFP,"San Francisco Rush - Extreme Racing (Europe) (En,Fr,De)",Europe
NSFE,"San Francisco Rush - Extreme Racing (USA) (En,Fr,De)",USA
NSFE,"San Francisco Rush - Extreme Racing (USA) (En,Fr,De)",USA
NSFE,"San Francisco Rush - Extreme Racing (USA) (En,Fr,De) (Rev 1)",USA
NSFE,"San Francisco Rush - Extreme Racing (USA) (En,Fr,De) (Rev 1)",USA
NRUP,"San Francisco Rush 2049 (Europe) (En,Fr,De,Es,It,Nl)",Europe
NRUP,"San Francisco Rush 2049 (Europe) (En,Fr,De,Es,It,Nl)",Europe
NRUE,San Francisco Rush 2049 (USA),USA
NRUE,San Francisco Rush 2049 (USA),USA
NSYP,Scooby-Doo! - Classic Creep Capers (Europe),Europe
NSYP,Scooby-Doo! - Classic Creep Capers (Europe),Europe
NSYE,Scooby-Doo! - Classic Creep Capers (USA),USA
NSYE,Scooby-Doo! - Classic Creep Capers (USA),USA
NSYE,Scooby-Doo! - Classic Creep Capers (USA) (Rev 1),USA
NSYE,Scooby-Doo! - Classic Creep Capers (USA) (Rev 1),USA
NELE,Sesame Street - Elmo's Letter Adventure (USA),USA
NELE,Sesame Street - Elmo's Letter Adventure (USA),USA
NENE,Sesame Street - Elmo's Number Journey (USA),USA
NENE,Sesame Street - Elmo's Number Journey (USA),USA
NSDB,Shadow Man (Brazil),Brazil
NSDB,Shadow Man (Brazil),Brazil
NSDP,"Shadow Man (Europe) (En,Es,It)",Europe
NSDP,"Shadow Man (Europe) (En,Es,It)",Europe
NBCE,"Shadow Man (Europe) (En,Es,It) (Beta)",Europe
NBCE,"Shadow Man (Europe) (En,Es,It) (Beta)",Europe
NSDF,Shadow Man (France),France
NSDF,Shadow Man (France),France
NSDD,Shadow Man (Germany),Germany
NSDD,Shadow Man (Germany),Germany
NSDE,Shadow Man (USA),USA
NSDE,Shadow Man (USA),USA
NSGP,Shadowgate 64 - Trials of the Four Towers (Europe),Europe
NSGP,Shadowgate 64 - Trials of the Four Towers (Europe),Europe
NSGY,"Shadowgate 64 - Trials of the Four Towers (Europe) (Es,It)",Europe
NSGY,"Shadowgate 64 - Trials of the Four Towers (Europe) (Es,It)",Europe
NSGX,"Shadowgate 64 - Trials of the Four Towers (Europe) (Fr,De,Nl)",Europe
NSGX,"Shadowgate 64 - Trials of the Four Towers (Europe) (Fr,De,Nl)",Europe
NSGJ,Shadowgate 64 - Trials of the Four Towers (Japan),Japan
NSGJ,Shadowgate 64 - Trials of the Four Towers (Japan),Japan
NSGE,"Shadowgate 64 - Trials of the Four Towers (USA) (En,Es)",USA
NSGE,"Shadowgate 64 - Trials of the Four Towers (USA) (En,Es)",USA
NSGE,"Shadowgate 64 - Trials of the Four Towers (USA) (En,Es) (Beta 1)",USA
NSGE,"Shadowgate 64 - Trials of the Four Towers (USA) (En,Es) (Beta 1)",USA
NSGE,"Shadowgate 64 - Trials of the Four Towers (USA) (En,Es) (Beta 2)",USA
NSGE,"Shadowgate 64 - Trials of the Four Towers (USA) (En,Es) (Beta 2)",USA
NTOJ,Shin Nihon Pro Wrestling Toukon Road - Brave Spirits (Japan),Japan
NTOJ,Shin Nihon Pro Wrestling Toukon Road - Brave Spirits (Japan),Japan
NT3J,Shin Nihon Pro Wrestling Toukon Road 2 - The Next Generation (Japan),Japan
NT3J,Shin Nihon Pro Wrestling Toukon Road 2 - The Next Generation (Japan),Japan
NS2J,SimCity 2000 (Japan),Japan
NS2J,SimCity 2000 (Japan),Japan
NSKJ,Snobo Kids (Japan),Japan
NSKJ,Snobo Kids (Japan),Japan
NSNJ,Snow Speeder (Japan),Japan
NSNJ,Snow Speeder (Japan),Japan
NSKP,"Snowboard Kids (Europe, Australia)",Europe
NSKP,"Snowboard Kids (Europe, Australia)",Europe
NSKE,Snowboard Kids (USA),USA
NSKE,Snowboard Kids (USA),USA
NK2P,Snowboard Kids 2 (Australia),Australia
NK2P,Snowboard Kids 2 (Australia),Australia
NK2E,Snowboard Kids 2 (USA),USA
NK2E,Snowboard Kids 2 (USA),USA
NSAJ,Sonic Wings Assault (Japan),Japan
NSAJ,Sonic Wings Assault (Japan),Japan
NDTB,South Park (Brazil),Brazil
NDTB,South Park (Brazil),Brazil
NDTP,"South Park (Europe) (En,Fr,Es)",Europe
NDTP,"South Park (Europe) (En,Fr,Es)",Europe
NDTD,South Park (Germany),Germany
NDTD,South Park (Germany),Germany
NDTE,South Park (USA),USA
NDTE,South Park (USA),USA
NCYP,South Park - Chef's Luv Shack (Europe),Europe
NCYP,South Park - Chef's Luv Shack (Europe),Europe
NCYE,South Park - Chef's Luv Shack (USA),USA
NCYE,South Park - Chef's Luv Shack (USA),USA
NPRP,South Park Rally (Europe),Europe
NPRP,South Park Rally (Europe),Europe
!none!,South Park Rally (Europe) (Beta),Europe
NTUE,South Park Rally (Europe) (Beta),Europe
NTUE,South Park Rally (Europe) (Beta),Europe
NPRE,South Park Rally (USA),USA
NPRE,South Park Rally (USA),USA
NSPE,South Park Rally (USA) (Beta),USA
NSPE,South Park Rally (USA) (Beta),USA
NTUE,South Park Rally (USA) (Beta),USA
NTUE,South Park Rally (USA) (Beta),USA
NDKJ,Space Dynamites (Japan),Japan
NDKJ,Space Dynamites (Japan),Japan
NIVE,Space Invaders (USA),USA
NIVE,Space Invaders (USA),USA
NSVP,"SpaceStation Silicon Valley (Europe) (En,Fr,De,Es,It,Nl,Pt)",Europe
NSVP,"SpaceStation Silicon Valley (Europe) (En,Fr,De,Es,It,Nl,Pt)",Europe
NSVJ,SpaceStation Silicon Valley (Japan) (Proto),Japan
NSVJ,SpaceStation Silicon Valley (Japan) (Proto),Japan
NSVE,SpaceStation Silicon Valley (USA),USA
NSVE,SpaceStation Silicon Valley (USA),USA
NSVE,SpaceStation Silicon Valley (USA) (Rev 1),USA
NSVE,SpaceStation Silicon Valley (USA) (Rev 1),USA
NSLE,Spider-Man (USA),USA
NSLE,Spider-Man (USA),USA
NFXJ,Star Fox 64 (Japan),Japan
NFXJ,Star Fox 64 (Japan),Japan
NFXJ,Star Fox 64 (Japan) (Rev 1) (Wii Virtual Console),Japan
NFXJ,Star Fox 64 (Japan) (Rev 1) (Wii Virtual Console),Japan
NFXE,Star Fox 64 (USA),USA
NFXE,Star Fox 64 (USA),USA
NFXE,Star Fox 64 (USA) (Rev 1),USA
NFXE,Star Fox 64 (USA) (Rev 1),USA
NS6J,Star Soldier - Vanishing Earth (Japan) (En),Japan
NS6J,Star Soldier - Vanishing Earth (Japan) (En),Japan
NS6E,Star Soldier - Vanishing Earth (USA),USA
NS6E,Star Soldier - Vanishing Earth (USA),USA
NJFJ,Star Twins (Japan),Japan
NJFJ,Star Twins (Japan),Japan
NRSP,"Star Wars - Rogue Squadron (Europe) (En,Fr,De)",Europe
NRSP,"Star Wars - Rogue Squadron (Europe) (En,Fr,De)",Europe
NRSP,"Star Wars - Rogue Squadron (Europe) (En,Fr,De) (Rev 1)",Europe
NRSP,"Star Wars - Rogue Squadron (Europe) (En,Fr,De) (Rev 1)",Europe
NRSE,Star Wars - Rogue Squadron (USA),USA
NRSE,Star Wars - Rogue Squadron (USA),USA
NRSE,Star Wars - Rogue Squadron (USA) (Rev 1),USA
NRSE,Star Wars - Rogue Squadron (USA) (Rev 1),USA
NSWP,Star Wars - Shadows of the Empire (Europe),Europe
NSWP,Star Wars - Shadows of the Empire (Europe),Europe
NSWE,Star Wars - Shadows of the Empire (USA),USA
NSWE,Star Wars - Shadows of the Empire (USA),USA
NSWE,Star Wars - Shadows of the Empire (USA) (Beta),USA
NSWE,Star Wars - Shadows of the Empire (USA) (Beta),USA
NSWE,Star Wars - Shadows of the Empire (USA) (Rev 1),USA
NSWE,Star Wars - Shadows of the Empire (USA) (Rev 1),USA
NSWE,Star Wars - Shadows of the Empire (USA) (Rev 2),USA
NSWE,Star Wars - Shadows of the Empire (USA) (Rev 2),USA
NSWE,Star Wars - Shadows of the Empire (USA) (Rev 3) (Limited Run Games),USA
NSWE,Star Wars - Shadows of the Empire (USA) (Rev 3) (Limited Run Games),USA
NRSJ,Star Wars - Shutsugeki! Rogue Chuutai (Japan),Japan
NRSJ,Star Wars - Shutsugeki! Rogue Chuutai (Japan),Japan
NSWJ,Star Wars - Teikoku no Kage (Japan),Japan
NSWJ,Star Wars - Teikoku no Kage (Japan),Japan
NNAP,Star Wars Episode I - Battle for Naboo (Europe),Europe
NNAP,Star Wars Episode I - Battle for Naboo (Europe),Europe
NNAE,Star Wars Episode I - Battle for Naboo (USA),USA
NNAE,Star Wars Episode I - Battle for Naboo (USA),USA
NNAE,Star Wars Episode I - Battle for Naboo (USA) (Beta),USA
NNAE,Star Wars Episode I - Battle for Naboo (USA) (Beta),USA
NEPP,"Star Wars Episode I - Racer (Europe) (En,Fr,De)",Europe
NEPP,"Star Wars Episode I - Racer (Europe) (En,Fr,De)",Europe
NEPJ,Star Wars Episode I - Racer (Japan),Japan
NEPJ,Star Wars Episode I - Racer (Japan),Japan
NEPE,Star Wars Episode I - Racer (USA),USA
NEPE,Star Wars Episode I - Racer (USA),USA
NEPE,Star Wars Episode I - Racer (USA) (Rev 1) (Limited Run Games),USA
NEPE,Star Wars Episode I - Racer (USA) (Rev 1) (Limited Run Games),USA
NSQP,StarCraft 64 (Australia),Australia
NSQP,StarCraft 64 (Australia),Australia
NSQD,StarCraft 64 (Germany) (Proto),Germany
NSQD,StarCraft 64 (Germany) (Proto),Germany
NSQE,StarCraft 64 (USA),USA
NSQE,StarCraft 64 (USA),USA
NSCP,"Starshot - Space Circus Fever (Europe) (En,Fr,De)",Europe
NSCP,"Starshot - Space Circus Fever (Europe) (En,Fr,De)",Europe
NSCE,"Starshot - Space Circus Fever (USA) (En,Fr,Es)",USA
NSCE,"Starshot - Space Circus Fever (USA) (En,Fr,Es)",USA
NR3E,Stunt Racer 64 (USA),USA
NR3E,Stunt Racer 64 (USA),USA
NB6J,Super B-Daman - Battle Phoenix 64 (Japan),Japan
NB6J,Super B-Daman - Battle Phoenix 64 (Japan),Japan
NBWJ,Super Bowling (Japan),Japan
NBWJ,Super Bowling (Japan),Japan
NBWE,Super Bowling (USA),USA
NBWE,Super Bowling (USA),USA
NSMP,"Super Mario 64 (Europe) (En,Fr,De)",Europe
NSMP,"Super Mario 64 (Europe) (En,Fr,De)",Europe
NSMJ,Super Mario 64 (Japan),Japan
NSMJ,Super Mario 64 (Japan),Japan
NSMJ,Super Mario 64 (Japan) (Rev 3) (Shindou Edition),Japan
NSMJ,Super Mario 64 (Japan) (Rev 3) (Shindou Edition),Japan
NSME,Super Mario 64 (USA),USA
NSME,Super Mario 64 (USA),USA
NSSJ,Super Robot Spirits (Japan),Japan
NSSJ,Super Robot Spirits (Japan),Japan
NS4J,Super Robot Taisen 64 (Japan),Japan
NS4J,Super Robot Taisen 64 (Japan),Japan
NALU,Super Smash Bros. (Australia),Australia
NALU,Super Smash Bros. (Australia),Australia
NALP,"Super Smash Bros. (Europe) (En,Fr,De)",Europe
NALP,"Super Smash Bros. (Europe) (En,Fr,De)",Europe
NALE,Super Smash Bros. (USA),USA
NALE,Super Smash Bros. (USA),USA
NLCJ,Super Speed Race 64 (Japan),Japan
NLCJ,Super Speed Race 64 (Japan),Japan
NSXP,"Supercross 2000 (Europe) (En,Fr,De)",Europe
NSXP,"Supercross 2000 (Europe) (En,Fr,De)",Europe
NSXE,Supercross 2000 (USA),USA
NSXE,Supercross 2000 (USA),USA
NSPP,"Superman (Europe) (En,Fr,De,Es,It,Nl)",Europe
NSPP,"Superman (Europe) (En,Fr,De,Es,It,Nl)",Europe
NSPE,"Superman - The New Superman Aventures (USA) (En,Fr,Es)",USA
NSPE,"Superman - The New Superman Aventures (USA) (En,Fr,Es)",USA
NPZJ,Susume! Taisen Puzzle Dama - Toukon! Marutama Chou (Japan),Japan
NPZJ,Susume! Taisen Puzzle Dama - Toukon! Marutama Chou (Japan),Japan
NL2X,TG Rally 2 (Europe),Europe
NL2X,TG Rally 2 (Europe),Europe
NTAP,Tarzan (Europe),Europe
NTAP,Tarzan (Europe),Europe
NTAF,Tarzan (France),France
NTAF,Tarzan (France),France
NTAD,Tarzan (Germany),Germany
NTAD,Tarzan (Germany),Germany
NTAE,Tarzan (USA),USA
NTAE,Tarzan (USA),USA
NTXP,"Taz Express (Europe) (En,Fr,De,Es,It,Nl)",Europe
NTXP,"Taz Express (Europe) (En,Fr,De,Es,It,Nl)",Europe
NTXE,Taz Express (USA) (Proto),USA
NTXE,Taz Express (USA) (Proto),USA
NWKF,Telefoot Soccer 2000 (France),France
NWKF,Telefoot Soccer 2000 (France),France
NT6J,Tetris 64 (Japan) (En),Japan
NT6J,Tetris 64 (Japan) (En),Japan
NTPP,Tetrisphere (Europe),Europe
NTPP,Tetrisphere (Europe),Europe
NTPE,Tetrisphere (USA),USA
NTPE,Tetrisphere (USA),USA
NT9P,"Tigger's Honey Hunt (Europe) (En,Fr,De,Es,It,Nl,Da)",Europe
NT9P,"Tigger's Honey Hunt (Europe) (En,Fr,De,Es,It,Nl,Da)",Europe
NT9E,Tigger's Honey Hunt (USA),USA
NT9E,Tigger's Honey Hunt (USA),USA
NR6P,Tom Clancy's Rainbow Six (Europe),Europe
NR6P,Tom Clancy's Rainbow Six (Europe),Europe
NR6F,Tom Clancy's Rainbow Six (France),France
NR6F,Tom Clancy's Rainbow Six (France),France
NR6D,Tom Clancy's Rainbow Six (Germany),Germany
NR6D,Tom Clancy's Rainbow Six (Germany),Germany
NR6E,Tom Clancy's Rainbow Six (USA),USA
NR6E,Tom Clancy's Rainbow Six (USA),USA
NTJP,"Tom and Jerry in Fists of Furry (Europe) (En,Fr,De,Es,It,Nl)",Europe
NTJP,"Tom and Jerry in Fists of Furry (Europe) (En,Fr,De,Es,It,Nl)",Europe
NTJE,Tom and Jerry in Fists of Furry (USA),USA
NTJE,Tom and Jerry in Fists of Furry (USA),USA
NNiE,Tommy Thunder (USA) (Proto),USA
NNiE,Tommy Thunder (USA) (Proto),USA
NTTP,"Tonic Trouble (Europe) (En,Fr,De,Es,It)",Europe
NTTP,"Tonic Trouble (Europe) (En,Fr,De,Es,It)",Europe
NTTE,Tonic Trouble (USA) (Rev 1),USA
NTTE,Tonic Trouble (USA) (Rev 1),USA
NTFE,Tony Hawk's Pro Skater (USA),USA
NTFE,Tony Hawk's Pro Skater (USA),USA
NTFE,Tony Hawk's Pro Skater (USA) (Beta),USA
NTFE,Tony Hawk's Pro Skater (USA) (Beta),USA
NTFE,Tony Hawk's Pro Skater (USA) (Rev 1),USA
NTFE,Tony Hawk's Pro Skater (USA) (Rev 1),USA
NTQP,Tony Hawk's Pro Skater 2 (Europe),Europe
NTQP,Tony Hawk's Pro Skater 2 (Europe),Europe
NTQE,Tony Hawk's Pro Skater 2 (USA),USA
NTQE,Tony Hawk's Pro Skater 2 (USA),USA
N3TE,Tony Hawk's Pro Skater 3 (USA),USA
N3TE,Tony Hawk's Pro Skater 3 (USA),USA
NTFP,Tony Hawk's Skateboarding (Europe),Europe
NTFP,Tony Hawk's Skateboarding (Europe),Europe
NGBP,Top Gear Hyper Bike (Europe),Europe
NGBP,Top Gear Hyper Bike (Europe),Europe
NGBJ,Top Gear Hyper Bike (Japan),Japan
NGBJ,Top Gear Hyper Bike (Japan),Japan
NGBE,Top Gear Hyper-Bike (USA),USA
NGBE,Top Gear Hyper-Bike (USA),USA
NRCP,Top Gear Overdrive (Europe),Europe
NRCP,Top Gear Overdrive (Europe),Europe
NRCJ,Top Gear Overdrive (Japan),Japan
NRCJ,Top Gear Overdrive (Japan),Japan
NRCE,Top Gear Overdrive (USA),USA
NRCE,Top Gear Overdrive (USA),USA
NGRX,Top Gear Rally (Asia) (En),Asia
NGRX,Top Gear Rally (Asia) (En),Asia
NTRP,Top Gear Rally (Europe),Europe
NTRP,Top Gear Rally (Europe),Europe
NTRJ,Top Gear Rally (Japan),Japan
NTRJ,Top Gear Rally (Japan),Japan
NGRE,Top Gear Rally (USA),USA
NGRE,Top Gear Rally (USA),USA
NL2P,Top Gear Rally 2 (Europe),Europe
NL2P,Top Gear Rally 2 (Europe),Europe
NL2J,Top Gear Rally 2 (Japan),Japan
NL2J,Top Gear Rally 2 (Japan),Japan
NL2E,Top Gear Rally 2 (USA),USA
NL2E,Top Gear Rally 2 (USA),USA
NL2E,Top Gear Rally 2 (USA) (Beta),USA
NL2E,Top Gear Rally 2 (USA) (Beta),USA
NTHP,Toy Story 2 - Buzz Lightyear to the Rescue! (Europe),Europe
NTHP,Toy Story 2 - Buzz Lightyear to the Rescue! (Europe),Europe
NTHP,Toy Story 2 - Buzz Lightyear to the Rescue! (Europe) (Rev 1) (Proto),Europe
NTHP,Toy Story 2 - Buzz Lightyear to the Rescue! (Europe) (Rev 1) (Proto),Europe
NTHE,Toy Story 2 - Buzz Lightyear to the Rescue! (USA),USA
NTHE,Toy Story 2 - Buzz Lightyear to the Rescue! (USA),USA
NTHE,Toy Story 2 - Buzz Lightyear to the Rescue! (USA) (Rev 1),USA
NTHE,Toy Story 2 - Buzz Lightyear to the Rescue! (USA) (Rev 1),USA
NTHF,Toy Story 2 - Buzz l'Eclair a la Rescousse! (France),France
NTHF,Toy Story 2 - Buzz l'Eclair a la Rescousse! (France),France
NTHD,Toy Story 2 - Captain Buzz Lightyear auf Rettungsmission! (Germany),Germany
NTHD,Toy Story 2 - Captain Buzz Lightyear auf Rettungsmission! (Germany),Germany
NTHD,Toy Story 2 - Captain Buzz Lightyear auf Rettungsmission! (Germany) (Rev 1),Germany
NTHD,Toy Story 2 - Captain Buzz Lightyear auf Rettungsmission! (Germany) (Rev 1),Germany
NTBJ,Transformers - Beast Wars Metals 64 (Japan),Japan
NTBJ,Transformers - Beast Wars Metals 64 (Japan),Japan
NOHE,Transformers - Beast Wars Transmetals (USA),USA
NOHE,Transformers - Beast Wars Transmetals (USA),USA
N3PE,Triple Play 2000 (USA),USA
N3PE,Triple Play 2000 (USA),USA
NGUJ,Tsumi to Batsu - Hoshi no Keishousha (Japan),Japan
NGUJ,Tsumi to Batsu - Hoshi no Keishousha (Japan),Japan
NTUP,Turok - Dinosaur Hunter (Europe),Europe
NTUP,Turok - Dinosaur Hunter (Europe),Europe
NTUP,Turok - Dinosaur Hunter (Europe) (Rev 1),Europe
NTUP,Turok - Dinosaur Hunter (Europe) (Rev 1),Europe
NTUP,Turok - Dinosaur Hunter (Europe) (Rev 2),Europe
NTUP,Turok - Dinosaur Hunter (Europe) (Rev 2),Europe
NTUD,Turok - Dinosaur Hunter (Germany),Germany
NTUD,Turok - Dinosaur Hunter (Germany),Germany
NTUD,Turok - Dinosaur Hunter (Germany) (Rev 1),Germany
NTUD,Turok - Dinosaur Hunter (Germany) (Rev 1),Germany
NTUD,Turok - Dinosaur Hunter (Germany) (Rev 2),Germany
NTUD,Turok - Dinosaur Hunter (Germany) (Rev 2),Germany
NTUE,Turok - Dinosaur Hunter (USA),USA
NTUE,Turok - Dinosaur Hunter (USA),USA
NTUE,Turok - Dinosaur Hunter (USA) (Rev 1),USA
NTUE,Turok - Dinosaur Hunter (USA) (Rev 1),USA
NTUE,Turok - Dinosaur Hunter (USA) (Rev 2),USA
NTUE,Turok - Dinosaur Hunter (USA) (Rev 2),USA
NRWD,Turok - Legenden des Verlorenen Landes (Germany),Germany
NRWD,Turok - Legenden des Verlorenen Landes (Germany),Germany
NRWP,Turok - Rage Wars (Europe),Europe
NRWP,Turok - Rage Wars (Europe),Europe
NRWX,"Turok - Rage Wars (Europe) (En,Fr,It)",Europe
NRWX,"Turok - Rage Wars (Europe) (En,Fr,It)",Europe
NRWE,Turok - Rage Wars (USA),USA
NRWE,Turok - Rage Wars (USA),USA
NRWE,Turok - Rage Wars (USA) (Rev 1),USA
NRWE,Turok - Rage Wars (USA) (Rev 1),USA
NT2P,Turok 2 - Seeds of Evil (Europe),Europe
NT2P,Turok 2 - Seeds of Evil (Europe),Europe
NT2X,"Turok 2 - Seeds of Evil (Europe) (En,Fr,Es,It)",Europe
NT2X,"Turok 2 - Seeds of Evil (Europe) (En,Fr,Es,It)",Europe
NT2D,Turok 2 - Seeds of Evil (Germany),Germany
NT2D,Turok 2 - Seeds of Evil (Germany),Germany
NT2E,Turok 2 - Seeds of Evil (USA),USA
NT2E,Turok 2 - Seeds of Evil (USA),USA
NT2E,Turok 2 - Seeds of Evil (USA) (Rev 1),USA
NT2E,Turok 2 - Seeds of Evil (USA) (Rev 1),USA
NTKP,Turok 3 - Shadow of Oblivion (Europe),Europe
NTKP,Turok 3 - Shadow of Oblivion (Europe),Europe
NSHT,Turok 3 - Shadow of Oblivion (Europe) (Beta) (2000-07-16T211412),Europe
NSHT,Turok 3 - Shadow of Oblivion (Europe) (Beta) (2000-07-16T211412),Europe
NSHT,Turok 3 - Shadow of Oblivion (Europe) (Beta) (2000-07-16T220245),Europe
NSHT,Turok 3 - Shadow of Oblivion (Europe) (Beta) (2000-07-16T220245),Europe
ABCD,Turok 3 - Shadow of Oblivion (Europe) (Beta),Europe
ABCD,Turok 3 - Shadow of Oblivion (Europe) (Beta),Europe
NTKE,Turok 3 - Shadow of Oblivion (USA),USA
NTKE,Turok 3 - Shadow of Oblivion (USA),USA
NSHT,Turok 3 - Shadow of Oblivion (USA) (Beta),USA
NSHT,Turok 3 - Shadow of Oblivion (USA) (Beta),USA
NSHT,Turok 3 - Shadow of Oblivion (USA) (Beta),USA
NSHT,Turok 3 - Shadow of Oblivion (USA) (Beta),USA
ABCD,Turok 3 - Shadow of Oblivion (USA) (Beta),USA
ABCD,Turok 3 - Shadow of Oblivion (USA) (Beta),USA
NSBE,Twisted Edge - Extreme Snowboarding (USA),USA
NSBE,Twisted Edge - Extreme Snowboarding (USA),USA
NSBP,Twisted Edge - Snowboarding (Europe),Europe
NSBP,Twisted Edge - Snowboarding (Europe),Europe
NIRJ,Utchan Nanchan no Hono no Challenger - Denryuu Ira Ira Bou (Japan),Japan
NIRJ,Utchan Nanchan no Hono no Challenger - Denryuu Ira Ira Bou (Japan),Japan
NVLP,"V-Rally Edition 99 (Europe) (En,Fr,De)",Europe
NVLP,"V-Rally Edition 99 (Europe) (En,Fr,De)",Europe
NVYJ,V-Rally Edition 99 (Japan),Japan
NVYJ,V-Rally Edition 99 (Japan),Japan
NVLE,V-Rally Edition 99 (USA),USA
NVLE,V-Rally Edition 99 (USA),USA
NJKJ,Viewpoint 2064 (Japan) (Proto),Japan
NJKJ,Viewpoint 2064 (Japan) (Proto),Japan
NV8P,Vigilante 8 (Europe),Europe
NV8P,Vigilante 8 (Europe),Europe
NV8F,Vigilante 8 (France),France
NV8F,Vigilante 8 (France),France
NV8D,Vigilante 8 (Germany),Germany
NV8D,Vigilante 8 (Germany),Germany
NV8E,Vigilante 8 (USA),USA
NV8E,Vigilante 8 (USA),USA
NVGP,Vigilante 8 - 2nd Offense (Europe),Europe
NVGP,Vigilante 8 - 2nd Offense (Europe),Europe
NVGE,Vigilante 8 - 2nd Offense (USA),USA
NVGE,Vigilante 8 - 2nd Offense (USA),USA
NT2J,Violence Killer - Turok New Generation (Japan),Japan
NT2J,Violence Killer - Turok New Generation (Japan),Japan
NVCP,"Virtual Chess 64 (Europe) (En,Fr,De,Es,It,Nl)",Europe
NVCP,"Virtual Chess 64 (Europe) (En,Fr,De,Es,It,Nl)",Europe
NVCE,"Virtual Chess 64 (USA) (En,Fr,Es)",USA
NVCE,"Virtual Chess 64 (USA) (En,Fr,Es)",USA
NVRP,Virtual Pool 64 (Europe),Europe
NVRP,Virtual Pool 64 (Europe),Europe
NVRE,Virtual Pool 64 (USA),USA
NVRE,Virtual Pool 64 (USA),USA
NA2J,Virtual Pro Wrestling 2 - Oudou Keishou (Japan),Japan
NA2J,Virtual Pro Wrestling 2 - Oudou Keishou (Japan),Japan
NVPJ,Virtual Pro Wrestling 64 (Japan),Japan
NVPJ,Virtual Pro Wrestling 64 (Japan),Japan
NWVE,WCW Backstage Assault (USA),USA
NWVE,WCW Backstage Assault (USA),USA
NWMP,WCW Mayhem (Europe),Europe
NWMP,WCW Mayhem (Europe),Europe
NWME,WCW Mayhem (USA),USA
NWME,WCW Mayhem (USA),USA
NW3E,WCW Nitro (USA),USA
NW3E,WCW Nitro (USA),USA
NWNP,WCW vs. nWo - World Tour (Europe),Europe
NWNP,WCW vs. nWo - World Tour (Europe),Europe
NWNE,WCW vs. nWo - World Tour (USA),USA
NWNE,WCW vs. nWo - World Tour (USA),USA
NWNE,WCW vs. nWo - World Tour (USA) (Rev 1),USA
NWNE,WCW vs. nWo - World Tour (USA) (Rev 1),USA
NW2P,WCW-nWo Revenge (Europe),Europe
NW2P,WCW-nWo Revenge (Europe),Europe
NW2E,WCW-nWo Revenge (USA),USA
NW2E,WCW-nWo Revenge (USA),USA
NTIP,WWF Attitude (Europe),Europe
NTIP,WWF Attitude (Europe),Europe
NTID,WWF Attitude (Germany),Germany
NTID,WWF Attitude (Germany),Germany
NTIE,WWF Attitude (USA),USA
NTIE,WWF Attitude (USA),USA
NW4P,WWF No Mercy (Europe),Europe
NW4P,WWF No Mercy (Europe),Europe
NW4P,WWF No Mercy (Europe) (Rev 1),Europe
NW4P,WWF No Mercy (Europe) (Rev 1),Europe
NW4E,WWF No Mercy (USA),USA
NW4E,WWF No Mercy (USA),USA
NW4E,WWF No Mercy (USA) (Rev 1),USA
NW4E,WWF No Mercy (USA) (Rev 1),USA
NWWP,WWF War Zone (Europe),Europe
NWWP,WWF War Zone (Europe),Europe
NWWE,WWF War Zone (USA),USA
NWWE,WWF War Zone (USA),USA
NWXP,WWF WrestleMania 2000 (Europe),Europe
NWXP,WWF WrestleMania 2000 (Europe),Europe
NWXJ,WWF WrestleMania 2000 (Japan),Japan
NWXJ,WWF WrestleMania 2000 (Japan),Japan
NWXE,WWF WrestleMania 2000 (USA),USA
NWXE,WWF WrestleMania 2000 (USA),USA
NWLP,Waialae Country Club - True Golf Classics (Europe),Europe
NWLP,Waialae Country Club - True Golf Classics (Europe),Europe
NWLP,Waialae Country Club - True Golf Classics (Europe) (Rev 1),Europe
NWLP,Waialae Country Club - True Golf Classics (Europe) (Rev 1),Europe
NWLE,Waialae Country Club - True Golf Classics (USA),USA
NWLE,Waialae Country Club - True Golf Classics (USA),USA
NWLE,Waialae Country Club - True Golf Classics (USA) (Rev 1),USA
NWLE,Waialae Country Club - True Golf Classics (USA) (Rev 1),USA
NWAP,War Gods (Europe),Europe
NWAP,War Gods (Europe),Europe
NWAE,War Gods (USA),USA
NWAE,War Gods (USA),USA
NWRP,"Wave Race 64 - Kawasaki Jet Ski (Europe) (En,De)",Europe
NWRP,"Wave Race 64 - Kawasaki Jet Ski (Europe) (En,De)",Europe
NWRJ,Wave Race 64 - Kawasaki Jet Ski (Japan),Japan
NWRJ,Wave Race 64 - Kawasaki Jet Ski (Japan),Japan
NWRJ,Wave Race 64 - Kawasaki Jet Ski (Japan) (Rev 1),Japan
NWRJ,Wave Race 64 - Kawasaki Jet Ski (Japan) (Rev 1),Japan
NWRJ,Wave Race 64 - Kawasaki Jet Ski (Japan) (Rev 2) (Shindou Edition),Japan
NWRJ,Wave Race 64 - Kawasaki Jet Ski (Japan) (Rev 2) (Shindou Edition),Japan
NWRE,Wave Race 64 - Kawasaki Jet Ski (USA),USA
NWRE,Wave Race 64 - Kawasaki Jet Ski (USA),USA
NWRE,Wave Race 64 - Kawasaki Jet Ski (USA) (Rev 1),USA
NWRE,Wave Race 64 - Kawasaki Jet Ski (USA) (Rev 1),USA
NW8P,"Wayne Gretzky's 3D Hockey '98 (Europe) (En,Fr,De,Es)",Europe
NW8P,"Wayne Gretzky's 3D Hockey '98 (Europe) (En,Fr,De,Es)",Europe
NW8E,Wayne Gretzky's 3D Hockey '98 (USA),USA
NW8E,Wayne Gretzky's 3D Hockey '98 (USA),USA
NWGP,"Wayne Gretzky's 3D Hockey (Europe) (En,Fr,De,Es)",Europe
NWGP,"Wayne Gretzky's 3D Hockey (Europe) (En,Fr,De,Es)",Europe
NWGJ,Wayne Gretzky's 3D Hockey (Japan),Japan
NWGJ,Wayne Gretzky's 3D Hockey (Japan),Japan
NWGE,Wayne Gretzky's 3D Hockey (USA),USA
NWGE,Wayne Gretzky's 3D Hockey (USA),USA
NWGE,Wayne Gretzky's 3D Hockey (USA) (Rev 1),USA
NWGE,Wayne Gretzky's 3D Hockey (USA) (Rev 1),USA
NWTP,"Wetrix (Europe) (En,Fr,De,Es,It,Nl)",Europe
NWTP,"Wetrix (Europe) (En,Fr,De,Es,It,Nl)",Europe
NWTJ,Wetrix (Japan),Japan
NWTJ,Wetrix (Japan),Japan
NWTE,"Wetrix (USA) (En,Fr,De,Es,It,Nl)",USA
NWTE,"Wetrix (USA) (En,Fr,De,Es,It,Nl)",USA
NWFE,Wheel of Fortune (USA),USA
NWFE,Wheel of Fortune (USA),USA
NWCJ,Wild Choppers (Japan),Japan
NWCJ,Wild Choppers (Japan),Japan
NWDJ,WinBack (Japan),Japan
NWDJ,WinBack (Japan),Japan
NWDJ,WinBack (Japan) (Rev 1),Japan
NWDJ,WinBack (Japan) (Rev 1),Japan
NWDE,WinBack - Covert Operations (USA),USA
NWDE,WinBack - Covert Operations (USA),USA
NWPP,Wipeout 64 (Europe),Europe
NWPP,Wipeout 64 (Europe),Europe
NWPP,Wipeout 64 (Europe) (Beta),Europe
NWPP,Wipeout 64 (Europe) (Beta),Europe
NWPE,Wipeout 64 (USA),USA
NWPE,Wipeout 64 (USA),USA
NJ2J,Wonder Project J2 - Koruro no Mori no Jozet (Japan),Japan
NJ2J,Wonder Project J2 - Koruro no Mori no Jozet (Japan),Japan
N8WP,"World Cup 98 (Europe) (En,Fr,De,Es,It,Nl,Sv,Da)",Europe
N8WP,"World Cup 98 (Europe) (En,Fr,De,Es,It,Nl,Sv,Da)",Europe
N8WE,"World Cup 98 (USA) (En,Fr,De,Es,It,Nl,Sv,Da)",USA
N8WE,"World Cup 98 (USA) (En,Fr,De,Es,It,Nl,Sv,Da)",USA
NWOP,"World Driver Championship (Europe) (En,Fr,De,Es,It)",Europe
NWOP,"World Driver Championship (Europe) (En,Fr,De,Es,It)",Europe
NWOE,World Driver Championship (USA),USA
NWOE,World Driver Championship (USA),USA
NWUP,"Worms Armageddon (Europe) (En,Fr,De,Es,It,Nl)",Europe
NWUP,"Worms Armageddon (Europe) (En,Fr,De,Es,It,Nl)",Europe
NADE,"Worms Armageddon (USA) (En,Fr,Es)",USA
NADE,"Worms Armageddon (USA) (En,Fr,Es)",USA
NADE,"Worms Armageddon (USA) (En,Fr,Es) (Limited Run Games)",USA
NADE,"Worms Armageddon (USA) (En,Fr,Es) (Limited Run Games)",USA
NXFP,Xena - Warrior Princess - The Talisman of Fate (Europe),Europe
NXFP,Xena - Warrior Princess - The Talisman of Fate (Europe),Europe
NXFE,Xena - Warrior Princess - The Talisman of Fate (USA),USA
NXFE,Xena - Warrior Princess - The Talisman of Fate (USA),USA
NYKJ,Yakouchuu II - Satsujin Kouro (Japan),Japan
NYKJ,Yakouchuu II - Satsujin Kouro (Japan),Japan
NYSJ,Yoshi Story (Japan),Japan
NYSJ,Yoshi Story (Japan),Japan
NYSP,"Yoshi's Story (Europe) (En,Fr,De)",Europe
NYSP,"Yoshi's Story (Europe) (En,Fr,De)",Europe
NYSE,"Yoshi's Story (USA) (En,Ja)",USA
NYSE,"Yoshi's Story (USA) (En,Ja)",USA
NTMJ,Yuke Yuke!! Trouble Makers (Japan),Japan
NTMJ,Yuke Yuke!! Trouble Makers (Japan),Japan
NZSJ,Zelda no Densetsu - Mujura no Kamen (Japan),Japan
NZSJ,Zelda no Densetsu - Mujura no Kamen (Japan),Japan
NZSJ,Zelda no Densetsu - Mujura no Kamen (Japan) (GameCube),Japan
NZSJ,Zelda no Densetsu - Mujura no Kamen (Japan) (GameCube),Japan
NZSJ,Zelda no Densetsu - Mujura no Kamen (Japan) (Rev 1),Japan
NZSJ,Zelda no Densetsu - Mujura no Kamen (Japan) (Rev 1),Japan
CZLJ,Zelda no Densetsu - Toki no Ocarina (Japan),Japan
CZLJ,Zelda no Densetsu - Toki no Ocarina (Japan),Japan
CZLJ,"Zelda no Densetsu - Toki no Ocarina (Japan) (GameCube, Zelda Collection)",Japan
CZLJ,"Zelda no Densetsu - Toki no Ocarina (Japan) (GameCube, Zelda Collection)",Japan
CZLJ,Zelda no Densetsu - Toki no Ocarina (Japan) (Rev 1),Japan
CZLJ,Zelda no Densetsu - Toki no Ocarina (Japan) (Rev 1),Japan
CZLJ,Zelda no Densetsu - Toki no Ocarina (Japan) (Rev 2),Japan
CZLJ,Zelda no Densetsu - Toki no Ocarina (Japan) (Rev 2),Japan
CZLJ,Zelda no Densetsu - Toki no Ocarina GC (Japan) (GameCube),Japan
CZLJ,Zelda no Densetsu - Toki no Ocarina GC (Japan) (GameCube),Japan
CZLJ,Zelda no Densetsu - Toki no Ocarina GC Ura (Japan) (GameCube),Japan
CZLJ,Zelda no Densetsu - Toki no Ocarina GC Ura (Japan) (GameCube),Japan
NMZJ,Zool - Majuu Tsukai Densetsu (Japan),Japan
NMZJ,Zool - Majuu Tsukai Densetsu (Japan),Japan
